20190315,-0.55,0.0,-4.14,-3.04,265058,-74.15,46.02,10.21,1.34,-1,1,-1,348180,0,0,0,1,0,17550,18000,17350,18100,12333.583333333334,12462.333333333334,15770.0,15670.0,16680.0
20190314,0.31,16.0,-0.92,11.38,1025513,368.94,132.47,10.3,5.17,1,1,-1,359092,0,0,0,1,0,18100,16300,16100,18850,12322.333333333334,12331.0,15702.5,15400.0,16100.0
20190313,-0.63,2.19,-1.25,1.88,218689,39.85,127.16,10.0,1.1,-1,1,1,322389,0,0,0,1,0,16250,15850,15750,16300,12308.166666666666,12184.666666666666,15512.5,15170.0,15440.0
20190312,0.32,4.5,0.32,2.57,156379,12.38,212.34,10.29,0.79,-1,1,1,316437,0,0,0,1,0,15950,15600,15600,16250,12306.916666666666,12072.166666666666,15372.5,15190.0,15110.0
20190311,0.0,6.48,-1.37,6.14,139149,121.84,176.75,10.28,0.7,-1,1,-1,308502,0,0,0,1,0,15550,14650,14450,15600,12308.583333333334,11977.166666666666,15200.0,15235.0,14790.0
20190308,-1.01,0.68,-3.04,-1.01,62726,-34.21,98.48,10.27,0.32,-1,1,1,290646,0,0,0,1,0,14650,14650,14350,14900,12314.416666666666,11896.333333333334,15060.0,15290.0,14660.0
20190307,0.0,2.74,-1.71,1.37,95343,9.89,74.27,10.36,0.48,-1,-1,1,293622,0,0,0,1,0,14800,14600,14350,15000,12330.25,11832.166666666666,14967.5,15435.0,14700.0
20190306,0.0,3.83,-0.35,1.74,86763,-38.14,109.51,10.5,0.44,-1,1,1,289654,0,0,0,1,0,14600,14350,14300,14900,12346.916666666666,11770.5,14845.0,15585.0,14900.0
20190305,-1.01,0.34,-4.7,-3.69,140263,70.58,26.38,10.54,0.71,1,-1,-1,284695,0,0,0,1,0,14350,14750,14200,14950,12367.333333333334,11710.5,14722.5,15675.0,15270.0
20190304,1.35,2.69,-0.34,0.34,82225,-69.26,58.35,10.19,0.41,1,-1,-1,295606,0,0,0,1,0,14900,15050,14800,15250,12391.083333333334,11653.0,14610.0,15820.0,15680.0
20190228,0.0,1.27,-7.28,-6.01,267509,63.82,45.54,10.09,1.35,1,-1,1,294614,0,0,0,1,0,14850,15800,14650,16000,12408.583333333334,11590.5,14452.5,15870.0,15920.0
20190227,-1.22,2.43,-3.95,-3.95,163292,26.99,44.59,9.74,0.82,1,-1,1,313462,0,0,0,1,0,15800,16250,15800,16850,12424.0,11527.166666666666,14300.0,16005.0,16170.0
20190226,-0.3,1.52,-1.52,0.3,128583,-31.29,79.96,9.68,0.65,1,-1,-1,326357,0,0,0,1,0,16450,16350,16150,16650,12429.0,11444.666666666666,14092.5,15855.0,16270.0
20190225,1.86,4.97,1.24,1.86,187139,27.3,171.19,9.47,0.94,-1,1,-1,325365,0,0,0,1,0,16400,16400,16300,16900,12431.083333333334,11348.833333333334,13837.5,15555.0,16080.0
20190222,-0.31,1.55,-3.73,0.0,147004,-18.0,145.23,9.57,0.74,-1,-1,1,319413,0,0,0,1,0,16100,16050,15500,16350,12432.333333333334,11248.0,13582.5,15165.0,15960.0
20190221,-1.23,0.0,-4.29,-1.23,179274,-10.46,142.79,9.59,0.9,-1,1,1,319413,0,0,0,1,0,16100,16100,15600,16300,12436.5,11156.333333333334,13325.0,14830.0,15820.0
20190220,-0.97,6.13,-1.29,5.16,200212,37.51,166.97,9.96,1.01,1,1,-1,323381,0,0,0,1,0,16300,15350,15300,16450,12439.833333333334,11066.333333333334,13085.0,14500.0,15840.0
20190219,-0.63,1.27,-3.16,-1.9,145594,-37.06,37.92,9.91,0.73,1,-1,-1,307510,0,0,0,1,0,15500,15700,15300,16000,12446.083333333334,10978.833333333334,12795.0,14105.0,15440.0
20190218,1.3,5.19,0.0,2.6,231317,-32.04,233.64,9.79,1.17,-1,1,1,313462,0,0,0,1,0,15800,15600,15400,16200,12454.0,10912.166666666666,12540.0,13770.0,15030.0
20190215,-1.23,-0.62,-7.41,-4.94,340372,-48.14,63.83,9.88,1.72,-1,1,1,305526,0,0,0,1,0,15400,16000,15000,16100,12459.416666666666,10838.833333333334,12262.5,13400.0,14370.0
20190214,0.35,13.29,-0.7,13.29,656338,-1.48,165.9,10.07,3.31,1,1,-1,321397,0,0,0,1,0,16200,14350,14200,16200,12465.666666666666,10766.333333333334,12002.5,13035.0,13840.0
20190213,2.23,10.78,1.12,6.32,666222,261.68,115.63,9.81,3.36,1,-1,-1,283703,0,0,0,1,0,14300,13750,13600,14900,12464.833333333334,10684.666666666666,11689.0,12595.0,13160.0
20190212,-0.4,7.6,-0.4,7.6,184201,30.18,513.07,9.51,0.93,1,1,-1,266839,0,0,0,1,0,13450,12450,12450,13450,12479.416666666666,10638.833333333334,11476.5,12330.0,12770.0
20190211,-0.78,1.18,-5.1,-1.96,141502,92.68,64.34,9.29,0.71,1,-1,-1,247992,0,0,0,1,0,12500,12650,12100,12900,12506.083333333334,10622.166666666666,11311.5,12120.0,12510.0
20190208,0.0,0.39,-2.73,-0.39,73440,-68.74,90.72,9.2,0.37,-1,1,-1,252952,0,0,0,1,0,12750,12800,12450,12850,12541.916666666666,10623.0,11194.0,12000.0,12430.0
20190207,0.4,7.29,-1.21,3.64,234949,84.37,118.68,9.21,1.18,1,1,-1,253944,0,0,0,1,0,12800,12400,12200,13250,12574.416666666666,10612.166666666666,11044.0,11820.0,12230.0
20190201,1.23,2.06,-1.23,1.65,127431,13.96,124.25,8.99,0.64,1,1,-1,245016,0,0,0,1,0,12350,12300,12000,12400,12607.75,10598.833333333334,10877.5,11670.0,12030.0
20190131,1.65,2.48,-0.41,0.41,111820,-32.87,152.03,8.93,0.56,-1,1,-1,241048,0,0,0,1,0,12150,12300,12050,12400,12645.666666666666,10592.166666666666,10714.5,11485.0,11890.0
20190130,-1.28,4.26,-2.13,2.98,166562,85.62,138.17,8.95,0.84,1,1,-1,240056,0,0,0,1,0,12100,11600,11500,12250,12687.75,10588.833333333334,10565.5,11310.0,11730.0
20190129,0.0,0.0,-3.39,-0.42,89732,-20.84,74.65,8.82,0.45,1,1,-1,233112,0,0,0,1,0,11750,11800,11400,11800,12729.416666666666,10590.5,10434.0,11125.0,11570.0
20190128,0.86,1.72,-0.43,1.29,113349,23.65,70.7,8.79,0.57,1,-1,-1,234104,0,0,0,1,0,11800,11750,11600,11850,12778.583333333334,10592.166666666666,10321.0,10970.0,11410.0
20190125,1.32,3.08,0.0,2.64,91670,29.66,155.05,8.76,0.46,1,1,-1,231128,0,0,0,1,0,11650,11500,11350,11700,12826.5,10586.333333333334,10202.0,10783.0,11310.0
20190124,0.0,0.88,-1.77,0.44,70698,-23.71,124.42,8.72,0.36,-1,1,1,225177,0,0,0,1,0,11350,11300,11100,11400,12873.166666666666,10578.0,10084.0,10623.0,11080.0
20190123,-1.83,3.65,-1.83,3.2,92675,25.36,209.83,8.78,0.47,1,1,-1,224185,0,0,0,1,0,11300,10750,10750,11350,12921.916666666666,10574.666666666666,9990.0,10503.0,10890.0
20190122,0.88,0.88,-3.98,-3.1,73925,-62.34,44.37,8.77,0.37,-1,1,1,217241,0,0,0,1,0,10950,11400,10850,11400,12968.166666666666,10577.166666666666,9891.5,10388.0,10680.0
20190121,5.24,7.62,2.86,7.62,196308,165.92,135.13,8.84,0.99,1,1,-1,224185,0,0,0,1,0,11300,11050,10800,11300,13014.833333333334,10593.833333333334,9809.5,10268.0,10530.0
20190118,-0.96,1.92,-1.92,0.96,73823,-0.9,51.62,8.81,0.37,1,-1,1,208313,0,0,0,1,0,10500,10300,10200,10600,13062.75,10608.0,9727.5,10085.0,10256.0
20190117,0.98,3.41,0.0,1.46,74496,19.1,79.99,8.77,0.38,1,-1,-1,206329,0,0,0,1,0,10400,10350,10250,10600,13115.666666666666,10633.0,9685.5,9944.0,10166.0
20190116,0.0,1.96,0.0,0.49,62547,-18.46,46.92,8.76,0.32,1,-1,1,203353,0,0,0,1,0,10250,10200,10200,10400,13174.416666666666,10659.666666666666,9650.5,9821.0,10116.0
20190115,-0.2,3.73,-0.2,2.72,76706,77.89,114.95,8.73,0.39,1,-1,-1,202361,0,0,0,1,0,10200,9910,9910,10300,13235.666666666666,10690.5,9624.5,9743.0,10096.0
20190114,0.0,0.5,-1.39,-1.19,43121,-45.1,29.4,8.71,0.22,-1,-1,1,197005,0,0,1,0,0,9930,10050,9910,10100,13301.916666666666,10728.0,9614.5,9672.0,10006.0
20190111,0.0,0.99,-1.58,-0.99,78547,7.83,51.54,8.72,0.4,-1,-1,1,199385,0,0,0,1,0,10050,10150,9990,10250,13371.25,10770.833333333334,9601.5,9621.0,9914.0
20190110,1.97,1.97,-2.86,0.0,72841,-62.97,79.28,8.74,0.37,1,-1,-1,201369,0,0,0,1,0,10150,10350,9860,10350,13440.833333333334,10810.0,9565.0,9545.0,9722.0
20190109,1.85,8.72,0.92,4.1,196700,159.3,155.12,8.72,0.99,1,-1,-1,201369,0,0,0,1,0,10150,9930,9840,10600,13512.083333333334,10840.0,9532.5,9477.0,9526.0
20190108,0.84,3.7,0.32,2.96,75858,32.16,210.67,8.62,0.38,1,1,-1,193434,0,0,1,0,0,9750,9550,9500,9820,13584.583333333334,10870.833333333334,9537.5,9395.0,9390.0
20190107,0.22,4.84,0.22,4.18,57397,-5.65,208.76,8.55,0.29,1,1,-1,187879,0,0,1,0,0,9470,9110,9110,9530,13660.416666666666,10899.166666666666,9585.0,9351.0,9338.0
20190104,-1.31,-0.11,-4.58,-0.87,60837,20.73,56.5,8.38,0.31,-1,1,-1,180340,0,0,1,0,0,9090,9050,8750,9160,13744.833333333334,10952.166666666666,9651.5,9370.0,9328.0
20190103,0.84,0.84,-3.91,-3.17,50390,55.24,43.18,8.4,0.25,-1,1,1,181927,0,0,1,0,0,9170,9550,9100,9550,13834.916666666666,11017.333333333334,9752.0,9427.0,9368.0
20190102,0.84,0.84,-0.74,-0.21,32460,-39.3,85.66,8.49,0.16,-1,1,-1,187879,0,0,1,0,0,9470,9570,9420,9570,13926.416666666666,11081.166666666666,9843.5,9480.0,9428.0
20181228,0.53,1.49,-0.74,0.74,53479,27.18,119.73,8.51,0.27,1,-1,-1,188275,0,0,1,0,0,9490,9470,9350,9560,14014.166666666666,11143.333333333334,9915.0,9506.0,9400.0
20181227,1.72,1.83,-0.54,1.4,42050,19.4,88.96,8.48,0.21,1,-1,1,186887,0,0,1,0,0,9420,9450,9240,9460,14102.166666666666,11217.666666666666,9998.0,9557.0,9364.0
20181226,-1.8,-1.37,-2.64,-1.9,35219,-30.96,50.21,8.46,0.18,-1,-1,1,184307,0,0,1,0,0,9290,9300,9220,9340,14195.333333333334,11302.333333333334,10079.5,9582.0,9412.0
20181224,0.32,3.22,-0.32,1.5,51016,40.62,96.17,8.52,0.26,1,1,-1,187879,0,0,1,0,0,9470,9360,9300,9630,14298.75,11394.166666666666,10157.5,9585.0,9486.0
20181221,-0.54,0.75,-0.75,0.21,36280,-75.83,80.65,8.5,0.18,1,-1,-1,185101,0,0,1,0,0,9330,9260,9240,9380,14411.5,11487.166666666666,10219.0,9588.0,9532.0
20181220,-0.31,-0.31,-4.14,-3.62,150133,116.8,58.51,8.47,0.76,-1,-1,1,184704,0,0,1,0,0,9310,9630,9260,9630,14526.25,11581.666666666666,10270.0,9680.0,9612.0
20181219,0.52,0.93,-0.52,0.0,69248,5.1,53.78,8.63,0.35,-1,-1,1,191648,0,0,1,0,0,9660,9710,9610,9750,14642.0,11682.333333333334,10334.5,9819.0,9750.0
20181218,-0.62,2.27,-2.06,-0.41,65887,147.49,100.88,8.69,0.33,-1,1,1,191648,0,0,1,0,0,9660,9640,9500,9920,14753.583333333334,11780.5,10386.5,9933.0,9752.0
20181217,0.0,0.51,-1.75,-0.31,26622,-69.53,66.28,8.81,0.13,1,1,-1,192442,0,0,1,0,0,9700,9730,9560,9780,14867.25,11882.0,10456.0,10077.0,9684.0
20181214,0.0,1.0,-4.5,-2.7,87384,-6.25,102.78,8.79,0.44,-1,1,1,193037,0,0,1,0,0,9730,10000,9550,10100,14984.75,11987.0,10546.0,10207.0,9644.0
20181213,-0.62,4.96,-0.62,3.41,93206,32.76,314.28,8.96,0.47,1,1,-1,198393,0,0,0,1,0,10000,9610,9610,10150,15102.0,12099.0,10629.5,10324.0,9748.0
20181212,-0.21,3.76,-0.21,3.76,70209,-24.53,150.56,8.83,0.35,-1,1,-1,191846,0,0,1,0,0,9670,9300,9300,9670,15214.083333333334,12204.833333333334,10682.0,10439.0,9888.0
20181211,0.0,0.84,-2.21,-1.89,93025,-46.4,86.57,8.86,0.47,-1,1,1,184903,0,0,1,0,0,9320,9500,9290,9580,15327.666666666666,12313.666666666666,10763.5,10577.0,10114.0
20181210,-2.44,-1.95,-7.71,-7.32,173564,-17.42,32.55,9.04,0.87,-1,-1,1,188474,0,0,1,0,0,9500,10000,9460,10050,15442.083333333334,12431.666666666666,10875.0,10730.0,10470.0
20181207,0.0,0.47,-6.54,-4.21,210171,223.54,45.71,9.23,1.06,-1,1,1,203353,0,0,0,1,0,10250,10700,10000,10750,15563.333333333334,12541.666666666666,11022.5,10850.0,10770.0
20181206,-0.93,1.39,-1.85,-0.93,64959,84.64,218.29,9.52,0.33,-1,1,-1,212281,0,0,0,1,0,10700,10700,10600,10950,15680.0,12640.0,11137.5,10860.0,10900.0
20181205,-1.8,-1.35,-4.05,-2.7,35181,19.61,78.33,9.64,0.18,-1,-1,1,214265,0,0,0,1,0,10800,10900,10650,10950,15797.916666666666,12732.5,11207.5,10850.0,10990.0
20181204,0.45,0.91,-1.36,0.91,29413,-61.13,39.6,9.67,0.15,1,-1,1,220217,0,0,0,1,0,11100,11050,10850,11100,15907.083333333334,12828.333333333334,11267.5,10840.0,11040.0
20181203,4.13,4.13,0.46,0.92,75676,-62.7,60.43,9.66,0.38,-1,-1,1,218233,0,0,0,1,0,11000,11350,10950,11350,16013.333333333334,12923.333333333334,11310.0,10835.0,10990.0
20181130,0.45,0.9,-2.24,-2.24,202863,521.21,39.08,9.73,1.02,-1,1,1,216249,0,0,0,1,0,10900,11200,10900,11250,16128.75,13024.166666666666,11357.5,10885.0,10930.0
20181129,1.81,1.81,-0.45,0.9,32656,-18.08,80.08,9.84,0.16,1,-1,-1,221209,0,0,0,1,0,11150,11250,11000,11250,16246.25,13129.166666666666,11422.5,10935.0,10820.0
20181128,1.38,3.23,0.92,1.84,39862,-24.2,100.04,9.82,0.2,1,-1,-1,219225,0,0,0,1,0,11050,11000,10950,11200,16347.916666666666,13226.666666666666,11457.5,10925.0,10710.0
20181127,0.93,2.8,0.0,1.4,52587,49.74,134.32,9.79,0.27,1,1,-1,215257,0,0,0,1,0,10850,10800,10700,11000,16450.0,13320.833333333334,11477.5,10950.0,10640.0
20181126,0.48,4.83,-0.97,3.38,35118,-45.34,146.31,9.79,0.18,1,1,-1,212281,0,0,0,1,0,10700,10400,10250,10850,16552.916666666668,13413.333333333334,11492.5,11020.0,10680.0
20181123,0.0,0.47,-3.77,-2.36,64251,61.39,141.71,9.77,0.32,-1,1,-1,205337,0,0,0,1,0,10350,10600,10200,10650,16660.833333333332,13513.333333333334,11515.0,11195.0,10840.0
20181122,0.93,2.34,-1.4,-0.93,39812,-60.81,71.56,9.8,0.2,-1,-1,1,210297,0,0,0,1,0,10600,10800,10550,10950,16772.916666666668,13616.666666666666,11570.0,11415.0,11050.0
20181121,-1.36,-0.9,-4.52,-3.17,101598,95.28,71.65,9.82,0.51,-1,1,1,212281,0,0,0,1,0,10700,10900,10550,10950,16885.416666666668,13716.666666666666,11637.5,11565.0,11140.0
20181120,-0.43,-0.43,-3.91,-3.91,52028,53.63,47.12,9.99,0.26,-1,1,1,219225,0,0,0,1,0,11050,11450,11050,11450,17001.25,13813.333333333334,11710.0,11695.0,11260.0
20181119,0.0,2.19,0.0,0.88,33866,-62.57,109.13,10.13,0.17,1,1,-1,228152,0,0,0,1,0,11500,11400,11400,11650,17114.583333333332,13913.333333333334,11757.5,11785.0,11360.0
20181116,1.36,4.52,0.9,3.17,90490,25.58,118.87,10.1,0.46,1,1,-1,226168,0,0,0,1,0,11400,11200,11150,11550,17221.666666666668,13995.833333333334,11782.5,11830.0,11550.0
20181115,0.0,0.88,-3.1,-2.21,72056,-9.29,52.05,10.0,0.36,-1,-1,1,219225,0,0,0,1,0,11050,11300,10950,11400,17310.833333333332,14080.0,11817.5,11910.0,11780.0
20181114,0.87,1.3,-2.16,-2.16,79435,-60.2,63.22,10.04,0.4,-1,-1,1,224185,0,0,0,1,0,11300,11650,11300,11700,17402.916666666668,14165.0,11887.5,11990.0,11990.0
20181113,-2.01,-1.2,-9.64,-7.23,199579,326.47,54.1,10.06,1.01,-1,-1,1,229144,0,0,0,1,0,11550,12200,11250,12300,17490.833333333332,14245.0,11947.5,12005.0,12130.0
20181112,-1.2,0.8,-2.39,-0.8,46798,-57.91,144.84,10.29,0.24,-1,1,-1,247000,0,0,0,1,0,12450,12400,12250,12650,17578.75,14320.0,11990.0,11965.0,12210.0
20181109,2.89,4.96,0.41,3.72,111180,338.08,168.54,10.37,0.56,1,1,-1,248984,0,0,0,1,0,12550,12450,12150,12700,17658.333333333332,14390.0,11965.0,11835.0,12110.0
20181108,0.83,2.08,-0.42,0.83,25379,-52.05,78.51,10.35,0.13,-1,1,1,240056,0,0,0,1,0,12100,12100,11950,12250,17734.583333333332,14460.833333333334,11937.5,11725.0,12040.0
20181107,1.26,3.35,-0.84,0.42,52933,167.69,69.75,10.37,0.27,-1,1,-1,238072,0,0,0,1,0,12000,12100,11850,12350,17817.083333333332,14536.666666666666,11905.0,11710.0,11990.0
20181106,0.84,0.84,-1.26,0.0,19774,-53.9,61.38,10.4,0.1,-1,-1,1,237080,0,0,0,1,0,11950,12050,11800,12050,17892.083333333332,14616.666666666666,11937.5,11725.0,11880.0
20181105,-0.82,-0.41,-3.69,-2.05,42895,-48.81,99.01,10.43,0.22,-1,-1,1,237080,0,0,0,1,0,11950,12100,11750,12150,17963.333333333332,14699.166666666666,11990.0,11730.0,11720.0
20181102,1.69,3.8,0.0,2.95,83792,25.8,81.78,10.46,0.42,-1,-1,1,242040,0,0,0,1,0,12200,12050,11850,12300,18030.0,14786.666666666666,12042.5,11735.0,11560.0
20181101,0.44,3.49,-0.44,3.49,66607,53.42,71.41,10.48,0.34,1,1,-1,235096,0,0,0,1,0,11850,11500,11400,11850,18098.333333333332,14868.333333333334,12092.5,11725.0,11410.0
20181031,0.9,3.14,-0.9,2.69,43415,-75.1,242.15,10.47,0.22,1,-1,-1,227160,0,0,0,1,0,11450,11250,11050,11500,18169.583333333332,14965.0,12197.5,11785.0,11430.0
20181030,-2.24,4.04,-4.93,0.0,174388,95.34,65.77,10.4,0.88,1,-1,1,221209,0,0,0,1,0,11150,10900,10600,11600,18246.25,15066.666666666666,12350.0,11890.0,11570.0
20181029,-1.31,2.18,-3.93,-2.62,89274,-33.47,91.28,10.36,0.45,1,1,-1,221209,0,0,0,1,0,11150,11300,11000,11700,18330.0,15168.333333333334,12532.5,12015.0,11740.0
20181026,0.42,1.67,-9.21,-4.18,134189,88.1,57.11,10.33,0.68,-1,1,1,227160,0,0,0,1,0,11450,12000,10850,12150,18415.833333333332,15269.166666666666,12727.5,12095.0,11910.0
20181025,-3.7,0.41,-4.12,-1.65,71338,-40.07,84.67,10.51,0.36,1,-1,-1,237080,0,0,0,1,0,11950,11700,11650,12200,18497.5,15359.166666666666,12905.0,12150.0,12040.0
20181024,2.08,5.42,-0.83,1.25,119031,59.51,66.6,10.48,0.6,1,-1,1,241048,0,0,0,1,0,12150,12250,11900,12650,18574.166666666668,15435.833333333334,13075.0,12100.0,12140.0
20181023,0.42,1.25,-1.25,0.0,74623,21.02,58.09,10.44,0.38,1,-1,-1,238072,0,0,0,1,0,12000,12050,11850,12150,18646.666666666668,15517.5,13245.0,12150.0,12210.0
20181022,0.0,1.24,-2.48,-0.83,61664,-14.98,40.57,10.38,0.31,1,-1,-1,238072,0,0,0,1,0,12000,12100,11800,12250,18724.583333333332,15598.333333333334,13432.5,12250.0,12290.0
20181019,-0.4,-0.4,-4.82,-2.81,72532,37.11,56.16,10.25,0.37,1,-1,1,240056,0,0,0,1,0,12100,12400,11850,12400,18802.916666666668,15689.166666666666,13632.5,12350.0,12280.0
20181018,-1.2,1.2,-3.2,-0.4,52900,-21.53,81.09,10.23,0.27,1,-1,1,247000,0,0,0,1,0,12450,12350,12100,12650,18885.833333333332,15780.833333333334,13850.0,12460.0,12260.0
20181017,2.82,2.82,-2.82,0.81,67417,7.35,81.82,10.23,0.34,-1,-1,1,247992,0,0,0,1,0,12500,12750,12050,12750,18969.166666666668,15875.833333333334,14045.0,12610.0,12060.0
20181016,-0.42,5.86,-0.84,3.77,62802,-34.35,108.58,10.23,0.32,1,-1,-1,246008,0,0,0,1,0,12400,11900,11850,12650,19055.0,15971.666666666666,14230.0,12810.0,12090.0
20181015,0.0,3.33,-1.25,-0.42,95658,-0.02,44.84,10.16,0.48,1,-1,1,237080,0,0,0,1,0,11950,12000,11850,12400,19137.083333333332,16071.666666666666,14430.0,13050.0,12210.0
20181012,-2.62,4.8,-2.62,4.8,95677,-20.34,75.12,10.13,0.48,1,-1,-1,238072,0,0,0,1,0,12000,11150,11150,12000,19222.916666666668,16184.166666666666,14637.5,13360.0,12420.0
20181011,-4.35,-2.37,-9.49,-9.49,120102,205.63,50.97,9.95,0.61,1,-1,1,227160,0,0,0,1,0,11450,12100,11450,12350,19305.833333333332,16298.333333333334,14845.0,13660.0,12660.0
20181010,0.0,1.15,-5.0,-2.69,39296,13.46,38.43,9.85,0.2,1,-1,-1,250968,0,0,0,1,0,12650,13000,12350,13150,19392.083333333332,16421.666666666668,15085.0,14050.0,13160.0
20181008,-0.38,2.31,-0.77,0.0,34634,-45.39,29.45,9.83,0.17,1,-1,1,257911,0,0,0,1,0,13000,12950,12900,13300,19465.416666666668,16537.5,15280.0,14340.0,13530.0
20181005,-0.38,2.65,-2.27,-1.52,63415,-37.59,28.66,9.8,0.32,1,-1,-1,257911,0,0,0,1,0,13000,13150,12900,13550,19530.833333333332,16652.5,15470.0,14615.0,13890.0
20181004,-1.08,0.0,-5.73,-5.38,101603,63.72,43.25,9.73,0.51,1,1,-1,261879,0,0,0,1,0,13200,13800,13150,13950,19594.583333333332,16771.666666666668,15672.5,14915.0,14300.0
20181002,-1.03,0.0,-3.79,-3.79,62060,-5.51,29.2,9.66,0.31,1,-1,-1,276759,0,0,0,1,0,13950,14350,13950,14500,19661.25,16885.0,15872.5,15240.0,14660.0
20181001,0.0,1.01,-2.36,-2.03,65676,107.44,25.68,9.61,0.33,1,-1,1,287670,0,0,0,1,0,14500,14800,14450,14950,19719.166666666668,16986.666666666668,16025.0,15480.0,14940.0
20180928,1.0,1.0,-1.66,-1.66,31661,-46.71,31.8,9.58,0.16,-1,-1,1,293622,0,0,0,1,0,14800,15200,14800,15200,19779.583333333332,17088.333333333332,16135.0,15650.0,15150.0
20180927,-0.33,0.67,-1.0,0.33,59412,-19.32,35.04,9.58,0.3,1,-1,-1,298582,0,0,0,1,0,15050,14950,14850,15100,19846.25,17203.333333333332,16215.0,15810.0,15340.0
20180921,-0.33,0.98,-2.28,-2.28,73635,27.62,29.49,9.5,0.37,-1,-1,1,297590,0,0,0,1,0,15000,15300,15000,15500,19907.916666666668,17335.833333333332,16297.5,15915.0,15530.0
20180920,0.0,1.29,-2.57,-1.29,57698,-1.16,31.91,9.53,0.29,1,-1,-1,304534,0,0,0,1,0,15350,15550,15150,15750,19969.166666666668,17470.833333333332,16375.0,16030.0,15820.0
20180919,0.63,0.63,-1.59,-1.27,58373,-46.04,31.86,9.51,0.29,1,-1,1,308502,0,0,0,1,0,15550,15850,15500,15850,20016.666666666668,17601.666666666668,16437.5,16120.0,16020.0
20180918,0.0,0.62,-2.19,-1.56,108183,0.95,41.02,9.5,0.55,-1,1,1,312470,0,0,0,1,0,15750,16000,15650,16100,20060.833333333332,17726.666666666668,16485.0,16220.0,16150.0
20180917,0.3,0.3,-3.04,-2.74,107165,108.55,48.55,9.56,0.54,-1,-1,1,317429,0,0,0,1,0,16000,16500,15950,16500,20106.25,17852.5,16550.0,16325.0,16280.0
20180914,0.31,3.36,0.0,0.61,51386,-47.06,63.04,9.62,0.26,-1,-1,1,326357,0,0,0,1,0,16450,16400,16350,16900,20147.916666666668,17982.5,16572.5,16430.0,16300.0
20180913,2.16,2.78,0.0,0.93,97062,175.42,88.39,9.62,0.49,1,1,-1,324373,0,0,0,1,0,16350,16550,16200,16650,20193.333333333332,18105.0,16572.5,16505.0,16240.0
20180912,0.61,1.22,-2.13,-1.22,35241,5.08,38.8,9.61,0.18,1,-1,1,321397,0,0,0,1,0,16200,16500,16050,16600,20240.0,18223.333333333332,16562.5,16570.0,16220.0
20180911,0.0,2.8,0.0,1.86,33537,-12.37,200.52,9.61,0.17,1,-1,-1,325365,0,0,0,1,0,16400,16100,16100,16550,20289.166666666668,18341.666666666668,16557.5,16620.0,16290.0
20180910,0.0,0.31,-1.24,-0.31,38271,23.53,47.26,9.55,0.19,-1,-1,1,319413,0,0,0,1,0,16100,16150,15950,16200,20344.166666666668,18452.5,16540.0,16620.0,16370.0
20180907,-1.23,0.92,-1.54,-0.62,30982,-60.11,82.79,9.57,0.16,-1,1,1,320405,0,0,0,1,0,16150,16050,16000,16400,20400.0,18585.0,16567.5,16680.0,16560.0
20180906,0.3,0.91,-2.72,-1.81,77663,74.41,21.07,9.59,0.39,-1,-1,1,322389,0,0,0,1,0,16250,16600,16100,16700,20447.5,18720.0,16600.0,16720.0,16770.0
20180905,0.3,0.3,-1.49,-1.49,44530,1.61,18.12,9.63,0.22,1,-1,1,328341,0,0,0,1,0,16550,16850,16550,16850,20492.916666666668,18863.333333333332,16620.0,16755.0,16920.0
20180904,-0.29,0.29,-2.64,-1.47,43825,102.69,17.81,9.59,0.22,-1,-1,1,333301,0,0,0,1,0,16800,17000,16600,17100,20534.166666666668,18985.833333333332,16632.5,16750.0,16950.0
20180903,0.0,0.58,-1.74,-0.87,21622,-44.92,49.33,9.62,0.11,-1,1,1,338261,0,0,0,1,0,17050,17200,16900,17300,20565.0,19103.333333333332,16637.5,16775.0,16870.0
20180831,-0.59,1.76,-1.18,1.18,39259,-21.55,115.19,9.64,0.2,-1,1,1,341237,0,0,0,1,0,17200,16900,16800,17300,20592.916666666668,19233.333333333332,16645.0,16715.0,16800.0
20180830,2.1,2.69,0.9,1.8,50046,3.56,82.83,9.67,0.25,-1,1,-1,337269,0,0,0,1,0,17000,17050,16850,17150,20618.75,19363.333333333332,16640.0,16640.0,16670.0
20180829,0.91,2.74,0.0,1.83,48324,-14.78,58.62,9.67,0.24,1,-1,1,331317,0,0,0,1,0,16700,16550,16400,16850,20645.416666666668,19469.166666666668,16672.5,16555.0,16590.0
20180828,1.2,1.2,-2.1,-1.8,56705,60.81,42.97,9.64,0.29,-1,-1,1,325365,0,0,0,1,0,16400,16900,16350,16900,20672.083333333332,19579.166666666668,16715.0,16495.0,16550.0
20180827,-0.6,1.51,-0.6,0.91,35263,36.22,58.65,9.64,0.18,-1,-1,1,331317,0,0,0,1,0,16700,16450,16450,16800,20700.416666666668,19692.5,16757.5,16460.0,16680.0
20180824,-1.2,0.0,-2.11,-0.3,25886,-67.07,61.42,9.65,0.13,-1,-1,1,328341,0,0,0,1,0,16550,16400,16250,16600,20725.0,19808.333333333332,16782.5,16455.0,16630.0
20180823,-0.3,1.52,-2.12,0.61,78621,76.31,24.43,9.65,0.4,1,-1,1,329333,0,0,0,1,0,16600,16450,16150,16750,20754.583333333332,19929.166666666668,16797.5,16480.0,16610.0
20180822,0.59,0.59,-3.81,-3.23,44593,-20.47,23.73,9.63,0.22,-1,-1,1,327349,0,0,0,1,0,16500,17150,16400,17150,20784.166666666668,20054.166666666668,16795.0,16485.0,16520.0
20180821,0.0,4.56,-0.91,3.65,56074,169.6,188.98,9.66,0.28,-1,1,1,338261,0,0,0,1,0,17050,16450,16300,17200,20812.916666666668,20189.166666666668,16822.5,16515.0,16440.0
20180820,0.3,2.13,-0.61,0.0,20799,-26.89,51.82,9.66,0.1,-1,1,1,326357,0,0,0,1,0,16450,16500,16350,16800,20839.583333333332,20315.833333333332,16812.5,16500.0,16240.0
20180817,0.31,4.02,0.31,1.86,28449,-42.99,72.62,9.67,0.14,1,-1,-1,326357,0,0,0,1,0,16450,16200,16200,16800,20868.75,20447.5,16862.5,16575.0,16280.0
20180816,-0.62,1.55,-1.24,0.31,49905,46.11,52.27,9.64,0.25,1,-1,-1,320405,0,0,0,1,0,16150,16000,15900,16350,20897.916666666668,20541.666666666668,16920.0,16640.0,16350.0
20180814,0.0,2.49,-0.31,0.31,34155,-33.21,132.64,9.59,0.17,1,-1,-1,319413,0,0,0,1,0,16100,16050,16000,16450,20920.833333333332,20640.833333333332,17020.0,16790.0,16450.0
20180813,0.0,0.6,-3.6,-3.6,51137,-53.56,57.43,9.58,0.26,1,1,-1,318421,0,0,0,1,0,16050,16650,16050,16750,20947.916666666668,20736.666666666668,17127.5,16935.0,16590.0
20180810,2.68,4.17,-1.49,-0.89,110120,292.29,53.94,9.57,0.56,-1,-1,1,330325,0,0,0,1,0,16650,17250,16550,17500,20967.5,20837.5,17245.0,17055.0,16760.0
20180809,-0.3,2.1,-0.3,0.9,28071,-60.9,122.17,9.59,0.14,1,1,-1,333301,0,0,0,1,0,16800,16600,16600,17000,20983.333333333332,20926.666666666668,17347.5,17110.0,16870.0
20180808,0.6,3.27,-1.19,-0.89,71790,138.69,39.1,9.58,0.36,-1,-1,1,330325,0,0,0,1,0,16650,16900,16600,17350,21003.333333333332,21008.333333333332,17450.0,17115.0,16930.0
20180807,0.3,1.48,-0.59,-0.59,30077,-9.23,213.03,9.59,0.15,-1,1,-1,333301,0,0,0,1,0,16800,16950,16800,17150,21025.416666666668,21097.5,17560.0,17105.0,17130.0
20180806,1.16,1.16,-1.74,-1.74,33137,-18.75,21.48,9.6,0.17,-1,-1,1,335285,0,0,0,1,0,16900,17400,16900,17400,21052.083333333332,21167.5,17700.0,17130.0,17280.0
20180803,0.0,3.22,-0.58,0.58,40785,-44.54,61.4,9.61,0.21,-1,-1,1,341237,0,0,0,1,0,17200,17100,17000,17650,21073.75,21227.5,17850.0,17125.0,17350.0
20180802,0.0,1.42,-3.4,-3.12,73541,40.81,44.84,9.62,0.37,-1,-1,1,339253,0,0,0,1,0,17100,17650,17050,17900,21098.333333333332,21273.333333333332,17997.5,17150.0,17350.0
20180801,0.0,1.99,-0.85,0.57,52226,-9.74,47.79,9.67,0.26,-1,-1,1,350164,0,0,0,1,0,17650,17550,17400,17900,21123.75,21328.333333333332,18142.5,17200.0,17300.0
20180731,-0.29,2.32,-0.58,1.74,57859,-1.61,68.72,9.71,0.29,-1,-1,1,348180,0,0,0,1,0,17550,17200,17150,17650,21152.083333333332,21374.166666666668,18262.5,17250.0,17080.0
20180730,0.0,1.74,-2.33,0.29,58807,-20.7,75.42,9.72,0.3,-1,1,1,342229,0,0,0,1,0,17250,17200,16800,17500,21180.0,21425.833333333332,18415.0,17320.0,16980.0
20180727,0.0,4.15,0.0,2.08,74154,66.17,148.08,9.79,0.37,-1,-1,1,341237,0,0,0,1,0,17200,16850,16850,17550,21207.5,21491.666666666668,18637.5,17435.0,16900.0
20180726,-0.6,2.11,-2.42,1.81,44626,-57.99,51.7,9.89,0.22,-1,-1,-1,334293,0,0,0,1,0,16850,16450,16150,16900,21232.916666666668,21562.5,18927.5,17585.0,16950.0
20180725,0.0,1.76,-5.28,-2.93,106229,71.12,78.56,9.89,0.54,1,-1,1,328341,0,0,0,1,0,16550,17050,16150,17350,21265.416666666668,21635.833333333332,19240.0,17785.0,17100.0
20180724,0.89,2.08,-0.3,1.19,62078,-17.03,46.61,9.86,0.31,1,-1,1,338261,0,0,0,1,0,17050,17000,16800,17200,21300.0,21712.5,19572.5,18015.0,17420.0
20180723,-1.15,-0.29,-3.44,-3.44,74820,14.03,23.33,9.8,0.38,-1,-1,1,334293,0,0,0,1,0,16850,17250,16850,17400,21325.833333333332,21775.833333333332,19872.5,18270.0,17660.0
20180720,0.85,1.14,-3.12,-0.85,65613,7.98,62.39,9.8,0.33,1,-1,1,346196,0,0,0,1,0,17450,17750,17050,17800,21350.416666666668,21850.833333333332,20195.0,18575.0,17970.0
20180719,-0.55,1.1,-3.58,-3.03,60762,4.55,49.13,9.8,0.31,-1,-1,1,349172,0,0,0,1,0,17600,18050,17500,18350,21370.0,21916.666666666668,20512.5,18845.0,18220.0
20180718,0.27,1.1,-1.1,-0.55,58118,-25.08,50.77,9.81,0.29,-1,-1,1,360084,0,0,0,1,0,18150,18300,18050,18450,21387.916666666668,21990.833333333332,20822.5,19085.0,18470.0
20180717,0.0,1.09,-1.36,-0.82,77574,49.3,50.9,9.84,0.39,1,-1,1,362068,0,0,0,1,0,18250,18400,18150,18600,21413.333333333332,22062.5,21087.5,19275.0,18610.0
20180716,0.53,1.87,-1.6,-1.6,51958,-62.78,70.5,9.79,0.26,-1,-1,1,365044,0,0,0,1,0,18400,18800,18400,19050,21445.416666666668,22138.333333333332,21340.0,19510.0,18880.0
20180713,0.0,1.86,-2.39,-0.8,139607,-36.54,74.56,9.84,0.7,-1,-1,1,370996,0,0,0,1,0,18700,18850,18400,19200,21461.666666666668,22202.5,21572.5,19840.0,19180.0
20180712,-0.27,0.27,-3.18,0.0,220005,124.7,61.9,9.9,1.11,1,-1,1,373972,0,0,0,1,0,18850,18800,18250,18900,21472.5,22261.666666666668,21840.0,20270.0,19470.0
20180711,0.51,0.77,-4.34,-3.83,97911,76.16,35.26,9.74,0.49,1,-1,1,373972,0,0,0,1,0,18850,19700,18750,19750,21480.416666666668,22313.333333333332,22110.0,20695.0,19700.0
20180710,0.5,0.75,-2.26,-1.51,55580,34.98,34.54,9.69,0.28,-1,-1,1,388851,0,0,0,1,0,19600,20000,19450,20050,21489.583333333332,22362.5,22410.0,21130.0,19940.0
20180709,-1.24,-0.25,-2.23,-1.24,41177,29.79,33.88,9.72,0.21,-1,-1,1,394803,0,0,0,1,0,19900,19900,19700,20100,21491.666666666668,22393.333333333332,22625.0,21475.0,20140.0
20180706,0.0,0.75,-1.5,0.75,31726,-78.97,66.03,9.76,0.16,-1,-1,1,399763,0,0,0,1,0,20150,20000,19700,20150,21490.416666666668,22409.166666666668,22822.5,21815.0,20500.0
20180705,-1.25,0.25,-4.99,-0.25,150873,88.69,83.78,9.79,0.76,1,1,-1,396787,0,0,0,1,0,20000,19800,19050,20100,21492.083333333332,22417.5,23057.5,22180.0,21070.0
20180704,-1.46,0.49,-3.88,-2.67,79957,-66.21,81.75,9.72,0.4,1,-1,-1,397779,0,0,0,1,0,20050,20300,19800,20700,21491.666666666668,22437.5,23307.5,22560.0,21690.0
20180703,0.0,0.92,-9.91,-5.07,236601,345.23,64.23,10.28,1.19,1,-1,1,408690,0,0,0,1,0,20600,21700,19550,21900,21495.0,22451.666666666668,23472.5,22900.0,22320.0
20180702,0.0,0.0,-6.96,-5.65,53141,78.72,19.08,10.25,0.27,1,-1,1,430514,0,0,0,1,0,21700,23000,21400,23000,21492.083333333332,22470.833333333332,23607.5,23170.0,22810.0
20180629,-0.43,0.43,-1.95,-0.43,29735,-50.37,35.11,10.18,0.15,1,-1,1,456305,0,0,0,1,0,23000,23000,22650,23200,21484.166666666668,22489.166666666668,23682.5,23305.0,23130.0
20180628,-1.29,0.86,-1.51,-0.43,59909,-4.92,26.84,10.16,0.3,1,1,-1,458289,0,0,0,1,0,23100,22900,22850,23400,21465.0,22480.0,23715.0,23410.0,23290.0
20180627,0.0,1.95,-0.22,0.65,63008,-9.36,32.77,10.13,0.32,1,1,-1,460273,0,0,0,1,0,23200,23050,23000,23500,21450.0,22467.5,23750.0,23525.0,23430.0
20180626,-1.72,0.21,-4.94,-1.07,69512,-32.51,48.46,10.11,0.35,1,1,-1,457297,0,0,0,1,0,23050,22900,22150,23350,21436.666666666668,22431.666666666668,23795.0,23690.0,23480.0
20180625,0.63,2.1,-2.31,-2.1,103001,16.73,65.32,10.07,0.52,1,-1,1,462257,0,0,0,1,0,23300,23950,23250,24300,21425.833333333332,22395.0,23872.5,23775.0,23530.0
20180622,-0.42,1.68,-2.52,0.0,88238,7.55,49.26,9.99,0.44,1,-1,-1,472176,0,0,0,1,0,23800,23700,23200,24200,21418.75,22360.0,23940.0,23830.0,23480.0
20180621,1.07,1.71,0.43,1.49,82043,13.02,64.91,9.88,0.41,1,-1,-1,472176,0,0,0,1,0,23800,23700,23550,23850,21409.583333333332,22313.333333333332,23967.5,23935.0,23530.0
20180620,0.0,0.64,-2.58,0.64,72592,-29.01,33.31,9.71,0.37,-1,1,-1,465233,0,0,0,1,0,23450,23300,22700,23450,21409.583333333332,22281.666666666668,23882.5,24055.0,23620.0
20180619,1.95,3.04,0.22,1.08,102253,-16.48,64.93,9.72,0.52,-1,1,-1,462257,0,0,0,1,0,23300,23500,23100,23750,21413.75,22256.666666666668,23815.0,24045.0,23900.0
20180618,0.62,0.62,-6.44,-4.16,122433,42.93,45.65,9.75,0.62,1,-1,-1,457297,0,0,0,1,0,23050,24200,22500,24200,21416.25,22236.666666666668,23742.5,24045.0,24020.0
20180615,0.21,1.86,-1.86,-0.82,85658,-56.43,44.15,9.7,0.43,-1,1,-1,477136,0,0,0,1,0,24050,24300,23800,24700,21425.0,22235.833333333332,23695.0,24060.0,24180.0
20180614,-0.2,-0.2,-3.02,-2.41,196589,-37.51,35.92,9.69,0.99,-1,1,-1,481104,0,0,0,1,0,24250,24800,24100,24800,21415.416666666668,22215.0,23592.5,24020.0,24340.0
20180612,2.09,4.18,0.0,3.97,314579,312.11,104.87,9.79,1.59,1,1,-1,493008,0,0,0,1,0,24850,24400,23900,24900,21394.583333333332,22175.0,23465.0,23975.0,24490.0
20180611,0.0,1.05,-1.47,0.21,76334,-60.85,31.44,9.76,0.38,-1,-1,1,474160,0,0,0,1,0,23900,23850,23500,24100,21372.083333333332,22122.5,23322.5,23900.0,24190.0
20180608,0.0,0.0,-5.23,-4.02,195001,-47.54,60.55,9.81,0.98,-1,1,1,473168,0,0,0,1,0,23850,24850,23550,24850,21356.25,22082.5,23177.5,23970.0,24070.0
20180607,2.8,3.6,-2.8,-0.6,371695,-27.75,72.13,9.95,1.87,-1,1,1,493008,0,0,0,1,0,24850,25700,24300,25900,21349.166666666668,22026.666666666668,23010.0,24050.0,23940.0
20180605,0.64,9.64,-0.21,7.07,514477,585.72,226.36,10.13,2.59,1,1,-1,495984,0,0,0,1,0,25000,23500,23300,25600,21345.416666666668,21952.5,22765.0,24000.0,23700.0
20180604,-1.29,1.93,-1.72,0.21,75027,18.34,157.47,10.0,0.38,-1,1,-1,463249,0,0,0,1,0,23350,23000,22900,23750,21330.416666666668,21874.166666666668,22535.0,23710.0,23460.0
20180601,-0.86,1.08,-1.08,0.43,63397,-18.73,88.03,10.05,0.32,1,-1,1,462257,0,0,0,1,0,23300,23000,22950,23450,21325.0,21821.666666666668,22387.5,23585.0,23610.0
20180531,0.0,0.42,-2.33,-1.9,78006,-39.82,37.78,10.04,0.39,-1,-1,1,460273,0,0,0,1,0,23200,23650,23100,23750,0.0,21765.0,22255.0,23440.0,23870.0
20180530,0.42,0.63,-3.57,-0.63,129625,-21.92,49.39,10.07,0.65,1,1,-1,469200,0,0,0,1,0,23650,23900,22950,23950,0.0,21708.333333333332,22155.0,23330.0,24160.0
20180529,2.07,2.07,-2.28,-1.24,166007,-13.29,21.39,10.02,0.84,-1,-1,1,472176,0,0,0,1,0,23800,24600,23550,24600,0.0,21641.666666666668,22045.0,23165.0,24300.0
20180528,0.41,0.61,-4.07,-2.03,191450,13.11,39.45,10.12,0.97,-1,1,1,478128,0,0,0,1,0,24100,24700,23600,24750,0.0,21580.0,21917.5,22955.0,23960.0
20180525,-1.62,0.81,-3.65,-0.2,169260,-30.55,116.9,10.26,0.85,-1,1,-1,488048,0,0,0,1,0,24600,24250,23750,24850,0.0,21514.166666666668,21770.0,22745.0,23560.0
20180524,0.0,2.67,-1.44,1.23,243705,-71.54,92.01,10.29,1.23,1,1,-1,489040,0,0,0,1,0,24650,24350,24000,25000,0.0,21436.666666666668,21582.5,22385.0,23010.0
20180523,1.36,12.22,0.9,10.18,856194,1112.57,135.28,10.17,4.32,1,-1,-1,483088,0,0,0,1,0,24350,22400,22300,24800,0.0,21363.333333333332,21417.5,21970.0,22500.0
20180521,0.0,0.23,-2.49,0.0,70610,-29.22,163.54,9.62,0.36,1,1,-1,438449,0,0,0,1,0,22100,22100,21550,22150,0.0,21290.0,21270.0,21530.0,22030.0
20180518,0.0,2.06,-1.83,1.14,99763,-6.53,103.32,9.59,0.5,1,1,-1,438449,0,0,0,1,0,22100,21850,21450,22300,0.0,21254.166666666668,21267.5,21360.0,21950.0
20180517,0.0,0.0,-4.07,-1.13,106737,-22.54,59.66,9.57,0.54,-1,1,-1,433490,0,0,0,1,0,21850,22100,21200,22100,0.0,21200.833333333332,21285.0,21190.0,21930.0
20180516,0.91,1.36,-3.18,0.45,137790,-1.64,85.38,9.66,0.69,-1,1,-1,438449,0,0,0,1,0,22100,22200,21300,22300,0.0,21159.166666666668,21332.5,21070.0,21760.0
20180515,0.0,2.76,-1.38,1.38,140086,-23.73,112.36,9.68,0.71,-1,1,-1,436465,0,0,0,1,0,22000,21700,21400,22300,0.0,21097.5,21340.0,20980.0,21440.0
20180514,-0.45,2.95,-2.05,-1.36,183667,-22.48,167.24,9.68,0.93,-1,1,-1,430514,0,0,0,1,0,21700,21900,21550,22650,0.0,21040.0,21352.5,20925.0,21030.0
20180511,0.95,6.9,0.71,4.76,236941,213.22,156.36,9.69,1.19,1,1,-1,436465,0,0,0,1,0,22000,21200,21150,22450,0.0,20998.333333333332,21365.0,20880.0,20770.0
20180510,0.49,3.9,-0.98,2.44,75647,12.04,155.46,9.58,0.38,-1,1,-1,416626,0,0,0,1,0,21000,20600,20300,21300,0.0,20953.333333333332,21355.0,20795.0,20450.0
20180509,0.0,3.76,-1.75,2.76,67518,24.65,171.99,9.63,0.34,-1,1,-1,406706,0,0,0,1,0,20500,19950,19600,20700,0.0,20936.666666666668,21377.5,20780.0,20380.0
20180508,-0.49,0.49,-3.92,-2.21,54168,7.54,48.94,9.66,0.27,-1,1,1,395795,0,0,0,1,0,19950,20300,19600,20500,0.0,20920.0,21395.0,20865.0,20520.0
20180504,0.49,0.49,-2.7,0.0,50369,7.02,80.19,9.66,0.25,-1,1,-1,404723,0,0,0,1,0,20400,20500,19850,20500,0.0,20923.333333333332,21430.0,21010.0,20820.0
20180503,-0.48,0.0,-2.66,-1.21,47063,-62.95,65.26,9.68,0.24,-1,1,-1,404723,0,0,0,1,0,20400,20550,20100,20650,0.0,20919.166666666668,21470.0,21175.0,20990.0
20180502,-2.36,0.0,-4.25,-2.59,127025,43.25,91.33,9.69,0.64,-1,1,-1,409682,0,0,0,1,0,20650,20700,20300,21200,0.0,20930.0,21495.0,21380.0,21140.0
20180430,-1.17,0.23,-4.43,-1.17,88671,93.72,34.54,9.7,0.45,-1,1,-1,420594,0,0,0,1,0,21200,21200,20500,21500,0.0,20934.166666666668,21550.0,21595.0,21180.0
20180427,-0.47,1.41,-0.47,0.94,45772,-49.93,221.53,9.73,0.23,-1,1,-1,425554,0,0,0,1,0,21450,21150,21150,21550,0.0,20923.333333333332,21630.0,21700.0,21210.0
20180426,-0.47,2.13,-0.95,0.47,91411,32.6,85.92,9.73,0.46,-1,-1,1,421586,0,0,0,1,0,21250,21050,20950,21600,0.0,20903.333333333332,21680.0,21780.0,21200.0
20180425,0.24,2.4,-1.2,1.44,68939,-40.06,74.9,9.76,0.35,-1,-1,1,419602,0,0,0,1,0,21150,20900,20600,21350,0.0,20895.0,21735.0,21850.0,21360.0
20180424,-0.94,1.41,-3.04,-2.34,115006,144.74,52.91,9.77,0.58,1,1,1,413650,0,0,0,1,0,20850,21150,20700,21650,0.0,20887.5,21730.0,21915.0,21620.0
20180423,0.0,0.7,-1.87,-0.23,46991,-46.37,40.27,9.75,0.24,-1,-1,1,423570,0,0,0,1,0,21350,21400,21000,21550,0.0,20875.833333333332,21730.0,21975.0,22010.0
20180420,-1.59,-1.36,-3.63,-2.95,87626,-3.97,30.4,9.76,0.44,1,-1,1,424562,0,0,0,1,0,21400,21700,21250,21750,0.0,20850.0,21722.5,21925.0,22190.0
20180419,0.0,0.0,-4.01,-1.78,91250,-52.26,55.61,9.76,0.46,-1,-1,1,437457,0,0,0,1,0,22050,22450,21550,22450,0.0,20823.333333333332,21702.5,21850.0,22360.0
20180418,0.88,3.51,-3.95,-1.54,191124,-1.27,123.82,9.78,0.96,-1,1,1,445393,0,0,0,1,0,22450,23000,21900,23600,0.0,20785.0,21695.0,21765.0,22340.0
20180417,1.12,4.27,0.22,2.47,193586,169.52,130.4,10.0,0.98,1,1,-1,452337,0,0,0,1,0,22800,22500,22300,23200,0.0,20764.166666666668,21670.0,21610.0,22210.0
20180416,0.22,1.12,-1.57,0.0,71826,-28.62,104.83,9.99,0.36,-1,1,-1,441425,0,0,0,1,0,22250,22300,21900,22500,0.0,20752.5,21635.0,21505.0,21940.0
20180413,0.91,3.19,-1.59,1.37,100620,-18.73,125.8,10.0,0.51,-1,-1,1,441425,0,0,0,1,0,22250,22150,21600,22650,0.0,20720.833333333332,21672.5,21560.0,21660.0
20180412,0.69,1.61,-0.69,0.69,123815,183.25,130.37,10.0,0.62,-1,1,-1,435474,0,0,0,1,0,21950,21950,21650,22150,0.0,20683.333333333332,21700.0,21580.0,21340.0
20180411,-0.47,2.56,-0.47,1.63,43712,5.45,209.96,10.0,0.22,-1,1,-1,432498,0,0,0,1,0,21800,21350,21350,22000,0.0,20647.5,21695.0,21620.0,21190.0
20180410,0.48,4.56,-2.64,2.88,41453,14.54,207.09,10.0,0.21,1,1,-1,425554,0,0,0,1,0,21450,20950,20300,21800,0.0,20616.666666666668,21690.0,21545.0,21010.0
20180409,-1.69,0.97,-2.42,0.97,36191,-58.06,39.71,10.0,0.18,1,1,-1,413650,0,0,0,1,0,20850,20300,20150,20850,0.0,20590.0,21692.5,21485.0,21070.0
20180406,0.0,0.47,-5.19,-2.59,86298,200.53,31.97,10.0,0.43,-1,-1,1,409682,0,0,0,1,0,20650,21200,20100,21300,0.0,20571.666666666668,21675.0,21520.0,21460.0
20180405,0.72,1.67,-0.96,1.44,28715,-63.44,40.18,10.0,0.14,1,1,-1,420594,0,0,0,1,0,21200,21050,20700,21250,0.0,20566.666666666668,21662.5,21555.0,21820.0
20180404,0.46,0.46,-5.29,-3.91,78547,-13.76,39.36,10.0,0.4,-1,-1,1,414642,0,0,0,1,0,20900,21850,20600,21850,0.0,20545.833333333332,21617.5,21625.0,22050.0
20180403,-1.75,-1.1,-6.36,-4.61,91084,17.47,36.55,10.0,0.46,-1,-1,1,431506,0,0,0,1,0,21750,22400,21350,22550,0.0,20538.333333333332,21582.5,21730.0,22080.0
20180402,0.0,1.78,-2.0,1.56,77541,-18.36,227.96,10.02,0.39,-1,1,-1,452337,0,0,0,1,0,22800,22450,22000,22850,0.0,20513.333333333332,21490.0,21765.0,21900.0
20180330,0.67,1.12,-2.46,0.45,94981,-24.41,46.49,10.02,0.48,-1,-1,1,445393,0,0,0,1,0,22450,22500,21800,22600,0.0,20479.166666666668,21340.0,21785.0,21580.0
20180329,0.71,6.18,-1.19,6.18,125653,94.73,74.38,10.03,0.63,-1,1,-1,443409,0,0,0,1,0,22350,21200,20800,22350,0.0,20450.0,21200.0,21820.0,21290.0
20180328,-0.96,1.44,-1.92,0.96,64526,-13.69,66.84,10.03,0.33,-1,-1,1,417618,0,0,0,1,0,21050,20650,20450,21150,0.0,20432.5,21087.5,21770.0,21200.0
20180327,1.18,1.18,-4.01,-1.65,74760,5.71,65.74,10.04,0.38,-1,-1,1,413650,0,0,0,1,0,20850,21450,20350,21450,0.0,20441.666666666668,21042.5,21835.0,21380.0
20180326,-1.9,1.9,-7.14,0.95,70725,-35.73,124.18,10.05,0.36,-1,1,-1,420594,0,0,0,1,0,21200,20600,19500,21400,0.0,20456.666666666668,20997.5,21900.0,21630.0
20180323,-2.05,-1.37,-5.94,-4.11,110046,208.7,38.11,10.05,0.55,1,1,-1,416626,0,0,0,1,0,21000,21450,20600,21600,0.0,20477.5,20950.0,21830.0,21990.0
20180322,-0.91,1.82,-1.14,-0.23,35648,-48.25,146.22,10.02,0.18,1,1,-1,434482,0,0,0,1,0,21900,21750,21700,22350,0.0,20505.833333333332,20897.5,21770.0,22350.0
20180321,0.0,0.68,-2.26,-0.68,68883,-37.32,81.46,10.01,0.35,1,1,-1,435474,0,0,0,1,0,21950,22100,21600,22250,0.0,20537.5,20800.0,21610.0,22340.0
20180320,-0.65,0.0,-5.65,-3.91,109895,17.27,68.62,10.01,0.55,1,-1,1,438449,0,0,0,1,0,22100,22850,21700,23000,0.0,20570.833333333332,20647.5,21435.0,22290.0
20180319,-0.22,1.97,-1.32,0.88,93712,-51.96,188.25,10.01,0.47,-1,1,1,456305,0,0,0,1,0,23000,22750,22500,23250,0.0,20595.833333333332,20510.0,21215.0,22170.0
20180316,-0.23,5.49,-0.46,4.35,195076,112.97,195.55,10.04,0.98,-1,1,-1,452337,0,0,0,1,0,22800,21800,21750,23050,0.0,20614.166666666668,20280.0,20895.0,21670.0
20180315,-0.46,2.3,-0.92,0.69,91599,3.39,126.72,10.09,0.46,-1,1,-1,433490,0,0,0,1,0,21850,21600,21500,22200,0.0,20615.833333333332,20067.5,20580.0,21190.0
20180314,-0.47,2.56,-1.16,0.93,88594,-50.72,68.48,10.14,0.45,-1,1,-1,430514,0,0,0,1,0,21700,21400,21250,22050,0.0,20614.166666666668,19935.0,20405.0,20880.0
20180313,0.73,6.59,-0.98,4.88,179780,334.1,209.7,10.16,0.91,-1,1,-1,426546,0,0,0,1,0,21500,20650,20300,21850,0.0,20621.666666666668,19815.0,20250.0,20580.0
20180312,0.74,0.98,-0.74,0.49,41414,-60.36,69.46,10.17,0.21,-1,1,1,406706,0,0,0,1,0,20500,20550,20250,20600,0.0,20630.0,19740.0,20095.0,20260.0
20180309,0.25,1.48,-0.74,0.49,104482,154.46,55.35,10.21,0.53,1,1,-1,404723,0,0,0,1,0,20400,20350,20150,20600,0.0,20671.666666666668,19690.0,20070.0,20120.0
20180308,-0.74,0.74,-1.73,0.5,41060,-51.08,67.03,10.18,0.21,-1,1,-1,402739,0,0,0,1,0,20300,20050,19850,20350,0.0,20738.333333333332,19677.5,20025.0,19970.0
20180307,0.5,2.76,-2.26,1.51,83934,35.16,105.99,10.21,0.42,-1,1,-1,400755,0,0,0,1,0,20200,20000,19450,20450,0.0,20786.666666666668,19670.0,19990.0,19930.0
20180306,0.0,1.52,-1.52,0.51,62100,-34.32,82.89,10.24,0.31,-1,1,1,394803,0,0,0,1,0,19900,19800,19500,20100,0.0,20828.333333333332,19712.5,19860.0,19920.0
20180305,1.27,2.8,-1.02,0.76,94547,56.14,101.98,10.34,0.48,-1,-1,1,392819,0,0,0,1,0,19800,19900,19450,20200,0.0,0.0,19762.5,19805.0,19930.0
20180302,-1.24,-0.5,-3.23,-2.24,60551,-13.59,47.78,10.36,0.31,-1,-1,1,389843,0,0,0,1,0,19650,19850,19450,20000,0.0,0.0,19800.0,19665.0,20020.0
20180228,-0.74,0.25,-1.99,-0.25,70078,25.38,194.08,10.37,0.35,-1,1,-1,398771,0,0,0,1,0,20100,20000,19750,20200,0.0,0.0,19830.0,19555.0,20080.0
20180227,0.25,1.0,-2.26,1.0,55893,-29.38,97.48,10.37,0.28,-1,1,-1,399763,0,0,0,1,0,20150,20000,19500,20150,0.0,0.0,19862.5,19465.0,20050.0
20180226,1.48,1.48,-3.21,-1.48,79150,-18.23,64.49,10.44,0.4,-1,-1,1,395795,0,0,0,1,0,19950,20550,19600,20550,0.0,0.0,19890.0,19380.0,19800.0
20180223,0.0,2.51,-1.25,1.5,96791,16.3,144.07,10.5,0.49,-1,1,-1,401747,0,0,0,1,0,20250,19950,19700,20450,0.0,0.0,19900.0,19385.0,19680.0
20180222,0.0,3.76,-1.5,0.0,83227,-35.46,169.0,10.56,0.42,-1,1,-1,395795,0,0,0,1,0,19950,19950,19650,20700,0.0,0.0,19877.5,19310.0,19310.0
20180221,0.0,7.14,-0.79,5.56,128963,16.18,277.0,10.57,0.65,1,1,-1,395795,0,0,0,1,0,19950,18900,18750,20250,0.0,0.0,19870.0,19330.0,19030.0
20180220,0.0,0.0,-3.62,-2.33,111005,-15.15,52.13,10.47,0.56,-1,-1,1,374964,0,0,0,1,0,18900,19350,18650,19350,0.0,0.0,19860.0,19350.0,18880.0
20180219,0.82,5.43,0.82,5.16,130827,-52.7,214.03,10.58,0.66,-1,1,-1,383891,0,0,0,1,0,19350,18550,18550,19400,0.0,0.0,19975.0,19565.0,18960.0
20180214,0.0,0.54,-4.85,-0.81,276595,60.2,74.77,10.74,1.39,-1,-1,1,365044,0,0,0,1,0,18400,18550,17650,18650,0.0,0.0,20112.5,19720.0,19090.0
20180213,0.52,2.34,-3.65,-3.39,172661,183.46,61.75,10.95,0.87,-1,-1,1,368020,0,0,0,1,0,18550,19300,18500,19650,0.0,0.0,20210.0,19935.0,19310.0
20180212,0.26,1.04,-0.78,-0.52,60912,-43.22,147.43,11.04,0.31,-1,1,1,380915,0,0,0,1,0,19200,19350,19150,19500,0.0,0.0,20282.5,20105.0,19630.0
20180209,-3.5,-3.0,-4.5,-3.5,107286,-7.07,49.38,11.17,0.54,-1,-1,1,382899,0,0,0,1,0,19300,19300,19100,19400,0.0,0.0,20312.5,20260.0,19820.0
20180208,1.54,2.82,-0.51,2.56,115449,-27.88,238.0,11.35,0.58,-1,1,-1,396787,0,0,0,1,0,20000,19800,19400,20050,0.0,0.0,20345.0,20400.0,20170.0
20180207,1.99,2.23,-3.23,-3.23,160076,-46.87,109.38,11.49,0.81,-1,1,1,386867,0,0,0,1,0,19500,20550,19500,20600,0.0,0.0,20337.5,20415.0,20350.0
20180206,-4.96,1.49,-7.2,0.0,301281,42.37,88.09,11.63,1.52,-1,1,1,399763,0,0,0,1,0,20150,19150,18700,20450,0.0,0.0,20350.0,20445.0,20560.0
20180205,-3.09,-0.24,-6.65,-4.28,211620,123.44,48.84,11.84,1.07,-1,-1,1,399763,0,0,0,1,0,20150,20400,19650,21000,0.0,0.0,20360.0,20410.0,20580.0
20180202,-0.24,0.72,-2.39,0.72,94710,-30.31,159.99,11.91,0.48,1,-1,-1,417618,0,0,0,1,0,21050,20850,20400,21050,0.0,0.0,20350.0,20370.0,20700.0
20180201,1.46,3.65,0.0,1.7,135907,-13.82,119.83,11.8,0.69,-1,1,1,414642,0,0,0,1,0,20900,20850,20550,21300,0.0,0.0,20320.0,20385.0,20630.0
20180131,-0.49,3.21,-0.49,1.48,157706,44.65,121.68,11.94,0.79,-1,1,1,407698,0,0,0,1,0,20550,20150,20150,20900,0.0,0.0,20287.5,20505.0,20480.0
20180130,-1.2,-0.24,-2.89,-2.41,109024,-9.2,30.42,12.04,0.55,-1,1,1,401747,0,0,0,1,0,20250,20500,20150,20700,0.0,0.0,20297.5,20485.0,20330.0
20180129,0.48,0.72,-1.93,0.24,120065,-37.16,66.72,12.14,0.61,-1,1,1,411666,0,0,0,1,0,20750,20800,20300,20850,0.0,0.0,20320.0,20460.0,20240.0
20180126,0.25,3.72,-0.25,2.73,191068,70.99,149.43,12.21,0.96,-1,1,-1,410674,0,0,0,1,0,20700,20200,20100,20900,0.0,0.0,20347.5,20365.0,20040.0
20180125,1.01,2.02,0.0,1.77,111743,-25.63,112.33,12.27,0.56,-1,1,1,399763,0,0,0,1,0,20150,20000,19800,20200,0.0,0.0,20392.5,20290.0,20140.0
20180124,0.25,1.52,-0.76,0.0,150256,40.69,102.09,12.43,0.76,-1,1,1,392819,0,0,0,1,0,19800,19850,19650,20100,0.0,0.0,20472.5,20260.0,20530.0
20180123,0.51,2.28,-0.76,0.25,106802,-59.45,40.15,12.64,0.54,-1,-1,1,392819,0,0,0,1,0,19800,19850,19600,20200,0.0,0.0,20605.0,20255.0,20640.0
20180122,0.0,0.47,-7.55,-6.84,263382,51.91,44.56,12.65,1.33,-1,-1,1,391827,0,0,0,1,0,19750,21200,19600,21300,0.0,0.0,20750.0,20310.0,20680.0
20180119,0.45,0.45,-4.3,-4.07,173376,-56.42,51.4,12.94,0.87,-1,-1,1,420594,0,0,0,1,0,21200,22200,21150,22200,0.0,0.0,20952.5,20330.0,20690.0
20180118,0.74,10.07,-0.25,8.6,397862,350.44,159.27,13.05,2.01,-1,1,-1,438449,0,0,0,1,0,22100,20500,20300,22400,0.0,0.0,21090.0,20255.0,20440.0
20180117,1.5,3.0,-0.25,1.75,88328,17.89,68.53,13.18,0.45,-1,-1,1,403731,0,0,0,1,0,20350,20300,19950,20600,0.0,0.0,21165.0,20070.0,19990.0
20180116,0.0,3.28,-0.76,1.01,74922,70.09,73.64,13.26,0.38,-1,1,-1,396787,0,0,0,1,0,20000,19800,19650,20450,0.0,0.0,21352.5,20110.0,19870.0
20180115,0.5,0.75,-1.25,-0.75,44049,-62.2,69.33,13.26,0.22,1,-1,-1,392819,0,0,0,1,0,19800,20050,19700,20100,0.0,0.0,21497.5,20180.0,19940.0
20180112,-0.5,1.26,-2.02,0.5,116541,-12.33,38.47,13.25,0.59,1,1,-1,395795,0,0,0,1,0,19950,19750,19450,20100,0.0,0.0,21595.0,20330.0,19970.0
20180111,1.01,1.01,-1.27,0.51,132929,-9.66,69.57,13.24,0.67,-1,1,1,393811,0,0,0,1,0,19850,19950,19500,19950,0.0,0.0,21705.0,20495.0,20070.0
20180110,0.25,1.23,-4.18,-2.95,147140,12.03,45.01,13.32,0.74,-1,-1,1,391827,0,0,0,1,0,19750,20400,19500,20600,0.0,0.0,21812.5,20685.0,20150.0
20180109,0.0,3.51,-2.01,2.01,131342,-16.33,66.76,13.43,0.66,-1,1,-1,403731,0,0,0,1,0,20350,19950,19550,20650,0.0,0.0,21975.0,20955.0,20350.0
20180108,0.24,0.24,-4.65,-2.44,156969,16.71,30.2,13.48,0.79,-1,1,-1,395795,0,0,0,1,0,19950,20500,19500,20500,0.0,0.0,22177.5,21190.0,20420.0
20180105,0.0,1.98,-0.49,0.99,134494,-15.64,66.9,13.6,0.68,-1,1,1,405715,0,0,0,1,0,20450,20250,20150,20650,0.0,0.0,22340.0,21575.0,20690.0
20180104,0.24,2.17,-2.89,-2.41,159437,9.16,85.83,13.76,0.8,-1,1,1,401747,0,0,0,1,0,20250,20800,20150,21200,0.0,0.0,22452.5,21925.0,20920.0
20180103,-0.72,0.97,-2.66,0.24,146053,-28.96,71.98,13.98,0.74,-1,1,1,411666,0,0,0,1,0,20750,20550,20150,20900,0.0,0.0,0.0,22260.0,21220.0
20180102,0.94,0.94,-5.4,-2.82,205606,96.07,26.44,14.15,1.04,-1,-1,1,410674,0,0,0,1,0,20700,21500,20150,21500,0.0,0.0,0.0,22595.0,21560.0
20171228,1.39,1.39,-2.08,-1.39,104865,21.5,53.24,14.15,0.53,-1,-1,1,422578,0,0,0,1,0,21300,21900,21150,21900,0.0,0.0,0.0,22815.0,21960.0
20171227,0.0,3.45,-1.84,-0.69,86308,-50.37,36.47,14.16,0.44,1,-1,1,428530,0,0,0,1,0,21600,21750,21350,22500,0.0,0.0,0.0,22860.0,22460.0
20171226,-0.67,1.34,-5.35,-3.12,173914,188.23,27.7,14.14,0.88,-1,-1,1,431506,0,0,0,1,0,21750,22300,21250,22750,0.0,0.0,0.0,22915.0,22930.0
20171222,-0.66,0.66,-2.64,-1.1,60338,-37.12,74.79,14.18,0.3,-1,-1,1,445393,0,0,0,1,0,22450,22550,22100,22850,0.0,0.0,0.0,22940.0,23300.0
20171221,-0.84,0.0,-6.09,-4.62,95959,28.46,39.0,14.19,0.48,-1,-1,1,450353,0,0,0,1,0,22700,23600,22350,23800,0.0,0.0,0.0,22995.0,23630.0
20171220,1.46,2.09,-2.92,-0.63,74698,7.25,46.33,14.21,0.38,1,-1,1,472176,0,0,0,1,0,23800,24300,23250,24450,0.0,0.0,0.0,23165.0,23670.0
20171219,0.0,2.33,-2.54,1.48,69647,-30.64,113.4,14.2,0.35,1,1,-1,475152,0,0,0,1,0,23950,23600,23000,24150,0.0,0.0,0.0,23105.0,23260.0
20171218,0.0,0.41,-5.39,-2.07,100419,-55.15,44.93,14.19,0.51,1,-1,1,468208,0,0,0,1,0,23600,24100,22800,24200,0.0,0.0,0.0,22980.0,22900.0
20171215,0.66,6.77,-0.44,5.24,223919,38.2,123.39,14.16,1.13,1,1,-1,478128,0,0,0,1,0,24100,23050,22800,24450,0.0,0.0,0.0,0.0,22580.0
20171214,-1.15,5.98,-3.45,5.29,162026,35.52,156.49,14.12,0.82,1,1,-1,454321,0,0,0,1,0,22900,21500,21000,23050,0.0,0.0,0.0,0.0,22360.0
20171213,0.0,0.0,-3.39,-1.81,119561,-37.17,69.65,14.13,0.6,-1,1,-1,431506,0,0,0,1,0,21750,22150,21400,22150,0.0,0.0,0.0,0.0,22660.0
20171212,0.0,1.59,-8.41,0.68,190306,7.23,126.22,14.16,0.96,-1,1,-1,439441,0,0,0,1,0,22150,22000,20150,22350,0.0,0.0,0.0,0.0,22950.0
20171211,-2.17,0.43,-5.43,-4.35,177474,1.64,57.56,14.3,0.89,-1,1,-1,436465,0,0,0,1,0,22000,22500,21750,23100,0.0,0.0,0.0,0.0,23060.0
20171208,-0.82,-0.41,-7.38,-5.74,174607,-8.54,59.84,14.52,0.88,-1,-1,1,456305,0,0,0,1,0,23000,24200,22600,24300,0.0,0.0,0.0,0.0,0.0
20171207,-0.22,5.17,-2.59,5.17,190904,-53.75,172.16,14.6,0.96,1,1,-1,484080,0,0,0,1,0,24400,23150,22600,24400,0.0,0.0,0.0,0.0,0.0
20171206,0.44,8.37,-0.88,2.2,412734,-70.31,91.46,14.52,2.08,-1,-1,1,460273,0,0,0,1,0,23200,22800,22500,24600,0.0,0.0,0.0,0.0,0.0
20171205,0.0,3.16,-23.55,-20.21,1390347,0.0,50.32,14.59,7.01,1,-1,1,450353,0,0,0,1,0,22700,28450,21750,29350,0.0,0.0,0.0,0.0,0.0
