20190315,-0.4,1.19,-0.6,0.2,593,-73.63,87.79,12.8,0.04,1,1,-1,36831,0,0,0,1,0,25250,25100,25050,25500,25630.833333333332,24923.333333333332,26022.5,26050.0,25510.0
20190314,-0.59,1.18,-3.14,-1.18,2249,7.87,22.84,12.8,0.15,-1,1,1,36758,0,0,0,1,0,25200,25350,24700,25800,25675.416666666668,24922.5,26070.0,26130.0,25700.0
20190313,0.78,0.97,-0.97,-0.97,2085,19.35,252.6,12.8,0.14,1,1,1,37196,0,0,0,1,0,25500,25950,25500,26000,25720.833333333332,24916.666666666668,26110.0,26220.0,26000.0
20190312,-1.35,2.13,-2.13,-0.39,1747,65.44,114.25,12.8,0.12,1,1,-1,37561,0,0,0,1,0,25750,25500,25300,26400,25762.916666666668,24901.666666666668,26117.5,26285.0,26230.0
20190311,1.15,1.15,-3.44,-1.34,1056,-38.75,8.03,12.8,0.07,1,1,1,37707,0,0,0,1,0,25850,26500,25300,26500,25801.666666666668,24887.5,26092.5,26325.0,26400.0
20190308,0.0,0.56,-3.56,-1.87,1724,79.58,108.75,12.8,0.12,1,1,1,38217,0,0,0,1,0,26200,26700,25750,26850,25840.0,24871.666666666668,26047.5,26300.0,26590.0
20190307,0.0,0.75,-2.06,0.19,960,-77.41,26.59,12.8,0.07,1,-1,1,38946,0,0,0,1,0,26700,26650,26100,26850,25874.166666666668,24852.5,25930.0,26270.0,26560.0
20190306,0.0,0.75,-1.5,0.19,4249,273.05,235.32,12.8,0.29,-1,1,1,38874,0,0,0,1,0,26650,26600,26200,26800,25904.583333333332,24840.0,25807.5,26200.0,26440.0
20190305,0.0,0.75,-0.75,-0.75,1139,-59.71,17.24,12.8,0.08,1,1,-1,38801,0,0,0,1,0,26600,26800,26600,27000,25933.75,24829.166666666668,25690.0,26120.0,26340.0
20190304,0.0,3.07,-0.19,2.88,2827,-3.15,406.01,12.8,0.19,-1,1,-1,39092,0,0,0,1,0,26800,26050,26000,26850,25962.5,24815.0,25572.5,26075.0,26250.0
20190228,1.15,1.15,-2.3,-0.19,2919,348.39,205.37,12.87,0.2,-1,1,1,37998,0,0,0,1,0,26050,26400,25500,26400,25988.333333333332,24800.0,25447.5,25995.0,26010.0
20190227,0.0,1.15,-0.38,-0.19,651,-26.02,21.27,12.9,0.04,1,1,1,38071,0,0,0,1,0,26100,26150,26050,26450,26021.25,24801.666666666668,25357.5,26010.0,25980.0
20190226,0.19,0.96,0.0,0.0,880,-22.47,46.45,12.9,0.06,1,1,1,38144,0,0,0,1,0,26150,26200,26150,26400,26047.083333333332,24802.5,25252.5,26000.0,25960.0
20190225,1.76,5.08,1.17,2.15,1135,148.36,305.77,12.9,0.08,-1,1,-1,38144,0,0,0,1,0,26150,26050,25900,26900,26072.083333333332,24800.833333333332,25152.5,25950.0,25900.0
20190222,0.0,0.0,-1.16,-1.16,457,-59.12,33.14,12.9,0.03,-1,1,1,37342,0,0,0,1,0,25600,25900,25600,25900,26095.833333333332,24793.333333333332,25040.0,25860.0,25900.0
20190221,0.58,0.58,-2.69,-0.38,1118,521.11,11.69,12.9,0.08,1,1,-1,37780,0,0,0,1,0,25900,26150,25300,26150,26120.833333333332,24803.333333333332,24955.0,25795.0,25980.0
20190220,1.74,1.74,-0.77,0.58,180,-82.11,92.5,12.9,0.01,-1,1,1,37925,0,0,0,1,0,26000,26300,25650,26300,26146.25,24805.833333333332,24847.5,25590.0,26040.0
20190219,0.76,0.76,-2.1,-1.15,1006,-32.44,143.84,12.9,0.07,1,1,-1,37707,0,0,0,1,0,25850,26350,25600,26350,26171.25,24787.5,24712.5,25415.0,26040.0
20190218,-0.77,1.35,-0.77,0.58,1489,2.48,323.8,12.9,0.1,1,1,-1,38144,0,0,0,1,0,26150,25800,25800,26350,26195.0,24768.333333333332,24580.0,25260.0,26000.0
20190215,0.95,1.53,-1.72,-0.76,1453,69.74,57.94,12.9,0.1,1,1,1,37925,0,0,0,1,0,26000,26450,25750,26600,26217.083333333332,24740.0,24432.5,25070.0,25820.0
20190214,-0.38,1.15,-0.96,0.77,856,-91.26,96.32,12.9,0.06,-1,1,1,38217,0,0,0,1,0,26200,25900,25750,26300,26238.75,24713.333333333332,24287.5,24900.0,25610.0
20190213,1.17,1.95,-0.19,1.36,9796,205.27,80.48,12.9,0.67,-1,1,1,37925,0,0,0,1,0,26000,25950,25600,26150,26262.083333333332,24678.333333333332,24155.0,24705.0,25140.0
20190212,0.99,2.97,-0.2,1.58,3209,-10.31,657.32,12.9,0.22,-1,1,1,37415,0,0,0,1,0,25650,25500,25200,26000,26287.083333333332,24643.333333333332,24030.0,24505.0,24790.0
20190211,0.2,1.4,-1.0,1.2,3578,-56.02,152.97,12.9,0.25,1,1,1,36831,0,0,0,1,0,25250,25000,24700,25300,26322.083333333332,24618.333333333332,23952.5,24355.0,24520.0
20190208,1.05,5.45,0.21,4.61,8136,119.06,350.67,12.9,0.56,-1,1,1,36394,0,0,0,1,0,24950,24100,23900,25150,26359.166666666668,24615.833333333332,23885.0,24220.0,24320.0
20190207,0.0,0.0,-1.86,-1.65,3714,833.17,103.43,13.03,0.25,-1,1,1,34789,0,0,0,1,0,23850,24250,23800,24250,26398.333333333332,24613.333333333332,23822.5,24115.0,24190.0
20190201,0.62,0.62,-1.44,-0.21,398,4.19,34.07,13.03,0.03,1,1,1,35373,0,0,0,1,0,24250,24450,23950,24450,26447.5,24605.0,23805.0,24105.0,24270.0
20190131,0.21,0.62,-1.03,0.21,382,-21.07,137.42,13.03,0.03,1,1,-1,35446,0,0,0,1,0,24300,24300,24000,24400,26497.083333333332,24590.0,23772.5,24010.0,24220.0
20190130,0.0,0.0,-1.85,-0.21,484,-56.67,93.15,13.03,0.03,-1,1,1,35373,0,0,0,1,0,24250,24300,23850,24300,26542.5,24571.666666666668,23765.0,23900.0,24190.0
20190129,-0.21,0.21,-0.82,0.21,1117,141.77,814.05,13.03,0.08,1,1,1,35446,0,0,0,1,0,24300,24200,24050,24300,26585.833333333332,24552.5,23770.0,23795.0,24120.0
20190128,-1.88,1.04,-1.88,1.04,462,-60.55,55.17,13.03,0.03,-1,1,1,35373,0,0,0,1,0,24250,23550,23550,24250,26630.833333333332,24514.166666666668,23785.0,23675.0,24040.0
20190125,1.45,1.45,-1.04,-0.62,1171,-6.54,167.34,13.03,0.08,1,1,1,35008,0,0,0,1,0,24000,24500,23900,24500,26675.833333333332,24475.0,23805.0,23605.0,23940.0
20190124,0.0,1.26,0.0,1.05,1253,53.93,58.03,13.03,0.09,1,1,1,35227,0,0,0,1,0,24150,23900,23900,24200,26720.0,24438.333333333332,23835.0,23555.0,23800.0
20190123,0.21,1.67,-0.42,0.0,814,-41.23,111.53,13.03,0.06,1,-1,1,34862,0,0,0,1,0,23900,23950,23800,24300,26765.0,24392.5,23887.5,23550.0,23610.0
20190122,0.63,1.89,0.0,0.63,1385,2.29,75.03,13.03,0.09,1,1,-1,34862,0,0,0,1,0,23900,23900,23750,24200,26813.333333333332,24388.333333333332,23947.5,23550.0,23470.0
20190121,1.29,2.36,1.29,1.93,1354,280.34,452.81,13.03,0.09,-1,1,1,34643,0,0,0,1,0,23750,23600,23600,23850,26860.833333333332,24403.333333333332,24010.0,23530.0,23310.0
20190118,0.0,0.65,-0.22,0.43,356,-50.35,555.56,13.03,0.02,1,1,1,33987,0,0,0,1,0,23300,23200,23150,23350,26913.333333333332,24440.0,24082.5,23505.0,23270.0
20190117,0.0,1.08,-0.86,0.0,717,-20.77,70.63,13.03,0.05,-1,1,1,33841,0,0,0,1,0,23200,23200,23000,23450,26969.583333333332,24492.5,24155.0,23535.0,23310.0
20190116,1.95,1.95,-0.22,0.43,905,-63.14,338.42,13.03,0.06,1,-1,-1,33841,0,0,0,1,0,23200,23550,23050,23550,27035.0,24555.833333333332,24247.5,23630.0,23490.0
20190115,0.0,0.85,-2.34,-1.91,2455,9.55,41.23,13.02,0.17,1,-1,-1,33695,0,0,0,1,0,23100,23550,23000,23750,27100.416666666668,24621.666666666668,24337.5,23745.0,23630.0
20190114,0.43,0.43,-2.13,0.21,2241,-8.38,10.26,13.02,0.15,-1,1,1,34352,0,0,0,1,0,23550,23600,23000,23600,27171.25,24692.5,24460.0,23895.0,23750.0
20190111,0.0,0.0,-3.32,-2.49,2446,115.89,23.47,12.99,0.17,1,1,-1,34279,0,0,0,1,0,23500,24100,23300,24100,27239.166666666668,24760.0,24542.5,24005.0,23740.0
20190110,0.0,1.46,-0.63,0.84,1133,-49.78,32.78,12.99,0.08,-1,1,1,35154,0,0,0,1,0,24100,23900,23750,24250,27300.833333333332,24820.833333333332,24610.0,24115.0,23760.0
20190109,-2.95,1.27,-2.95,0.84,2256,-30.52,976.72,12.99,0.15,-1,1,1,34862,0,0,0,1,0,23900,23000,23000,24000,27354.583333333332,24870.0,24635.0,24225.0,23770.0
20190108,0.43,1.28,-0.85,0.85,3247,474.69,77.46,13.0,0.22,1,1,-1,34570,0,0,0,1,0,23700,23600,23300,23800,27410.833333333332,24927.5,24685.0,24345.0,23860.0
20190107,0.42,0.42,-2.54,-0.42,565,-62.31,106.25,12.92,0.04,-1,1,1,34279,0,0,0,1,0,23500,23700,23000,23700,27468.333333333332,24987.5,24745.0,24490.0,24040.0
20190104,0.0,0.0,-3.73,-2.28,1499,-34.8,29.72,12.92,0.1,-1,1,1,34425,0,0,0,1,0,23600,24150,23250,24150,27527.916666666668,25074.166666666668,24822.5,24660.0,24270.0
20190103,-1.44,0.0,-3.49,-0.82,2299,256.99,184.49,12.92,0.16,1,1,-1,35227,0,0,0,1,0,24150,24000,23500,24350,27586.666666666668,25175.0,24940.0,24775.0,24470.0
20190102,0.0,0.0,-1.83,-1.02,644,-47.81,45.52,12.92,0.04,1,-1,-1,35519,0,0,0,1,0,24350,24600,24150,24600,27640.416666666668,25264.166666666668,25032.5,24865.0,24680.0
20181228,0.0,0.61,-2.23,-0.2,1234,-37.74,20.35,12.91,0.08,-1,1,1,35883,0,0,0,1,0,24600,24650,24100,24800,27686.666666666668,25345.833333333332,25102.5,24930.0,24830.0
20181227,-0.41,1.02,-1.63,0.2,1982,-14.83,81.01,12.91,0.14,-1,1,1,35956,0,0,0,1,0,24650,24500,24200,24850,27735.416666666668,25442.5,25167.5,25025.0,24940.0
20181226,-0.2,-0.2,-3.37,-2.38,2327,102.0,50.07,12.91,0.16,-1,-1,1,35883,0,0,0,1,0,24600,25150,24350,25150,27782.083333333332,25542.5,25242.5,25080.0,25050.0
20181224,0.4,0.4,-1.79,0.4,1152,-48.85,10.42,12.91,0.08,-1,-1,1,36758,0,0,0,1,0,25200,25200,24650,25200,27832.083333333332,25640.833333333332,25320.0,25105.0,25080.0
20181221,-0.6,0.2,-2.78,-0.2,2252,826.75,24.85,12.92,0.15,-1,-1,-1,36613,0,0,0,1,0,25100,25000,24450,25200,27880.0,25731.666666666668,25362.5,25045.0,25050.0
20181220,-2.58,0.6,-2.98,-0.2,243,-90.85,262.9,12.92,0.02,1,1,-1,36686,0,0,0,1,0,25150,24550,24450,25350,27927.5,25819.166666666668,25392.5,25025.0,25030.0
20181219,0.4,2.22,-1.62,1.82,2656,88.24,486.28,12.92,0.18,-1,1,-1,36758,0,0,0,1,0,25200,24850,24350,25300,27977.5,25900.0,25445.0,25000.0,25110.0
20181218,-0.6,-0.2,-2.99,-1.2,1411,-64.49,16.89,12.92,0.1,1,1,1,36102,0,0,0,1,0,24750,24900,24300,25000,28030.0,25980.0,25487.5,24985.0,25110.0
20181217,-0.2,2.0,-1.4,0.2,3974,38.56,9.15,12.92,0.27,-1,1,1,36540,0,0,0,1,0,25050,24950,24650,25500,28086.25,26071.666666666668,25495.0,25105.0,25130.0
20181214,-1.17,-0.2,-4.11,-2.15,2868,172.11,140.71,12.92,0.2,1,1,-1,36467,0,0,0,1,0,25000,25250,24500,25500,28138.333333333332,26164.166666666668,25477.5,25200.0,25040.0
20181213,0.4,3.17,-2.38,1.39,1054,-74.99,78.66,12.92,0.07,-1,1,1,37269,0,0,0,1,0,25550,25300,24600,26000,28191.666666666668,26257.5,25450.0,25275.0,25020.0
20181212,0.0,1.41,-1.81,1.41,4215,-10.87,353.61,12.92,0.29,-1,1,-1,36758,0,0,0,1,0,25200,24850,24400,25200,28241.25,26338.333333333332,25392.5,25310.0,24890.0
20181211,-0.61,1.02,-4.47,1.02,4729,649.45,167.62,12.93,0.32,1,1,-1,36248,0,0,0,1,0,24850,24450,23500,24850,28290.416666666668,26428.333333333332,25337.5,25405.0,24860.0
20181210,-1.61,-0.2,-2.01,-1.2,631,-30.43,56.07,12.92,0.04,1,1,1,35883,0,0,0,1,0,24600,24500,24400,24850,28353.333333333332,26525.0,25290.0,25535.0,25080.0
20181207,-1.2,1.2,-1.61,0.0,907,-44.25,172.24,12.92,0.06,-1,1,-1,36321,0,0,0,1,0,24900,24600,24500,25200,28420.416666666668,26624.166666666668,25267.5,25680.0,25360.0
20181206,0.2,1.8,-2.2,-0.6,1627,-50.65,144.82,12.93,0.11,1,1,1,36321,0,0,0,1,0,24900,25100,24500,25500,28478.75,26715.833333333332,25277.5,25760.0,25530.0
20181205,-2.89,-0.19,-3.47,-3.47,3297,72.44,44.21,12.93,0.23,-1,1,1,36540,0,0,0,1,0,25050,25200,25050,25900,28535.416666666668,26808.333333333332,25272.5,25890.0,25730.0
20181204,-1.54,0.58,-1.92,-0.19,1912,-12.37,40.97,12.99,0.13,1,1,-1,37852,0,0,0,1,0,25950,25600,25500,26150,28591.25,26895.833333333332,25187.5,25990.0,25950.0
20181203,-0.97,2.14,-0.97,0.97,2182,4.65,126.44,12.99,0.15,-1,1,-1,37925,0,0,0,1,0,26000,25500,25500,26300,28637.916666666668,26969.166666666668,25057.5,25885.0,25990.0
20181130,-0.19,-0.19,-2.32,-0.58,2085,-24.02,22.36,12.99,0.14,-1,1,1,37561,0,0,0,1,0,25750,25850,25300,25850,28684.166666666668,27038.333333333332,24917.5,25755.0,26000.0
20181129,0.57,0.96,-2.49,-0.96,2744,616.45,81.03,12.99,0.19,-1,1,-1,37780,0,0,0,1,0,25900,26300,25500,26400,28733.75,27110.0,24785.0,25625.0,25990.0
20181128,0.57,0.57,-1.53,0.0,383,-80.68,101.09,12.99,0.03,1,1,1,38144,0,0,0,1,0,26150,26300,25750,26300,28782.083333333332,27176.666666666668,24590.0,25475.0,26050.0
20181127,1.15,1.15,-1.73,0.38,1982,-33.36,134.13,12.99,0.14,1,1,-1,38144,0,0,0,1,0,26150,26350,25600,26350,28830.833333333332,27240.833333333332,24377.5,25270.0,26030.0
20181126,1.36,1.36,-0.39,1.36,2974,-32.85,68.93,12.99,0.2,1,1,-1,37998,0,0,0,1,0,26050,26050,25600,26050,28880.416666666668,27291.666666666668,24160.0,25045.0,25780.0
20181123,-0.76,0.19,-2.67,-1.91,4429,1.89,94.31,12.98,0.3,1,-1,1,37488,0,0,0,1,0,25700,26000,25500,26250,28926.666666666668,27343.333333333332,23927.5,24855.0,25510.0
20181122,0.0,0.77,-2.3,0.58,4347,-62.53,416.63,12.97,0.3,1,-1,1,38217,0,0,0,1,0,26200,26050,25450,26250,28979.583333333332,27398.333333333332,23825.0,24795.0,25260.0
20181121,1.0,6.22,-0.4,4.62,11601,636.57,132.96,12.97,0.8,-1,1,-1,37998,0,0,0,1,0,26050,25150,24800,26450,29025.833333333332,27438.333333333332,23755.0,24655.0,24900.0
20181120,-0.2,0.81,-2.63,0.81,1575,-18.48,63.07,13.03,0.11,1,1,-1,36321,0,0,0,1,0,24900,24650,24050,24900,29074.583333333332,27486.666666666668,23750.0,24385.0,24510.0
20181119,-1.43,1.43,-1.43,1.02,1932,-9.13,252.6,13.03,0.13,1,1,-1,36029,0,0,0,1,0,24700,24100,24100,24800,29135.833333333332,27555.0,23827.5,24230.0,24310.0
20181116,0.82,0.82,-3.28,0.2,2126,109.87,382.57,13.03,0.15,1,1,-1,35664,0,0,0,1,0,24450,24600,23600,24600,29203.333333333332,27621.666666666668,23942.5,24080.0,24200.0
20181115,0.0,1.24,-1.04,1.24,1013,-50.25,15.43,13.01,0.07,-1,1,1,35592,0,0,0,1,0,24400,24100,23850,24400,29270.416666666668,27694.166666666668,24077.5,23945.0,24330.0
20181114,-1.88,3.14,-1.88,0.84,2036,-47.96,168.49,13.03,0.14,-1,1,1,35154,0,0,0,1,0,24100,23450,23450,24650,29338.75,27764.166666666668,24225.0,23705.0,24410.0
20181113,-0.62,1.04,-3.11,-1.04,3912,-28.82,159.22,13.03,0.27,1,1,-1,34862,0,0,0,1,0,23900,24000,23400,24400,29408.75,27845.833333333332,24400.0,23485.0,24260.0
20181112,-2.39,-0.4,-4.38,-3.78,5496,-37.28,70.52,13.01,0.38,-1,1,1,35227,0,0,0,1,0,24150,24500,24000,25000,29480.416666666668,27930.833333333332,24562.5,23275.0,24150.0
20181109,0.0,3.63,-3.23,1.21,8763,-12.69,248.12,13.09,0.6,-1,-1,1,36613,0,0,0,1,0,25100,24800,24000,25700,29551.25,28025.833333333332,24707.5,23000.0,23960.0
20181108,1.5,7.07,0.21,6.21,10037,526.92,180.68,13.21,0.69,1,-1,1,36175,0,0,0,1,0,24800,23700,23400,25000,29615.833333333332,28102.5,24820.0,22855.0,23560.0
20181107,-0.64,1.28,-2.36,0.0,1601,-35.47,56.66,13.21,0.11,-1,1,-1,34060,0,0,0,1,0,23350,23200,22800,23650,29681.25,28183.333333333332,24945.0,22855.0,23000.0
20181106,0.43,1.29,-0.22,0.65,2481,-59.11,229.43,13.21,0.17,-1,-1,1,34060,0,0,0,1,0,23350,23300,23150,23500,29758.75,28290.0,25212.5,23115.0,22710.0
20181105,0.22,2.16,-1.3,0.43,6067,116.14,56.23,13.21,0.42,1,-1,1,33841,0,0,0,1,0,23200,23150,22800,23600,29832.916666666668,28404.166666666668,25527.5,23425.0,22400.0
20181102,1.59,5.0,1.59,5.0,2807,-34.42,879.55,13.2,0.19,-1,1,1,33695,0,0,0,1,0,23100,22350,22350,23100,29912.083333333332,28513.333333333332,25842.5,23805.0,22040.0
20181101,1.6,3.42,-0.46,0.46,4280,-16.75,101.67,13.22,0.29,1,-1,1,32091,0,0,0,1,0,22000,22250,21800,22650,29997.083333333332,28619.166666666668,26150.0,24210.0,22150.0
20181031,0.69,4.36,-3.67,0.46,5141,-33.82,61.69,13.22,0.35,1,-1,1,31945,0,0,0,1,0,21900,21950,21000,22750,30095.416666666668,28747.5,26570.0,24745.0,22710.0
20181030,1.64,2.1,-4.44,1.87,7768,-24.87,42.03,13.21,0.53,-1,-1,1,31799,0,0,0,1,0,21800,21750,20450,21850,30190.0,28876.666666666668,27007.5,25315.0,23520.0
20181029,1.06,1.06,-10.36,-9.51,10339,160.89,14.66,13.22,0.71,-1,-1,1,31216,0,0,0,1,0,21400,23900,21200,23900,30290.416666666668,29001.666666666668,27442.5,25850.0,24450.0
20181026,2.62,2.62,-5.04,-4.64,3963,-28.14,34.71,13.22,0.27,1,-1,1,34498,0,0,0,1,0,23650,25450,23550,25450,30397.5,29137.5,27905.0,26415.0,25570.0
20181025,-2.89,0.0,-7.13,-4.43,5515,85.44,30.08,13.22,0.38,1,-1,1,36175,0,0,0,1,0,24800,25200,24100,25950,30486.666666666668,29238.333333333332,28240.0,26785.0,26270.0
20181024,0.95,1.13,-2.08,-1.89,2974,369.83,31.3,13.22,0.2,1,1,-1,37852,0,0,0,1,0,25950,26700,25900,26750,30562.5,29318.333333333332,28500.0,27035.0,26780.0
20181023,-0.56,-0.56,-2.96,-2.04,633,-82.98,14.23,13.22,0.04,1,1,-1,38582,0,0,0,1,0,26450,26850,26200,26850,30632.916666666668,29386.666666666668,28702.5,27310.0,27110.0
20181022,1.66,1.66,-3.13,-0.55,3720,511.84,23.06,13.22,0.26,-1,1,1,39384,0,0,0,1,0,27000,27600,26300,27600,30699.583333333332,29446.666666666668,28892.5,27630.0,27250.0
20181019,1.46,1.46,-2.56,-0.73,608,28.81,163.82,13.22,0.04,1,1,-1,39603,0,0,0,1,0,27150,27750,26650,27750,30762.916666666668,29514.166666666668,29072.5,27880.0,27260.0
20181018,-1.99,0.36,-2.17,-0.91,472,37.61,53.93,13.22,0.03,-1,1,1,39895,0,0,0,1,0,27350,27050,27000,27700,30824.166666666668,29579.166666666668,29245.0,28090.0,27300.0
20181017,0.0,2.21,0.0,1.66,343,-7.8,1103.7,13.22,0.02,1,1,1,40259,0,0,0,1,0,27600,27150,27150,27750,30884.583333333332,29650.0,29397.5,28395.0,27290.0
20181016,1.11,1.11,-0.92,0.37,372,-70.69,22.41,13.22,0.03,1,1,-1,39603,0,0,0,1,0,27150,27350,26800,27350,30942.5,29718.333333333332,29547.5,28700.0,27510.0
20181015,0.0,1.1,-2.74,-1.1,1269,12.1,34.87,13.22,0.09,-1,1,1,39457,0,0,0,1,0,27050,27350,26600,27650,31007.083333333332,29780.833333333332,29722.5,29035.0,28010.0
20181012,-2.93,1.1,-2.93,0.18,1132,-71.23,50.0,13.27,0.08,1,1,1,39895,0,0,0,1,0,27350,26500,26500,27600,31075.416666666668,29839.166666666668,29897.5,29395.0,28500.0
20181011,-1.74,-1.22,-5.23,-4.88,3935,-22.2,36.72,13.27,0.27,-1,1,1,39822,0,0,0,1,0,27300,28200,27200,28350,31140.416666666668,29894.166666666668,30050.0,29695.0,28880.0
20181010,0.84,0.84,-4.72,-3.2,5058,229.73,25.11,13.32,0.35,-1,1,1,41864,0,0,0,1,0,28700,29900,28250,29900,31202.916666666668,29949.166666666668,30207.5,29965.0,29500.0
20181008,1.02,1.53,-2.03,0.51,1534,-20.31,91.36,13.37,0.11,1,-1,1,43250,0,0,0,1,0,29650,29800,28900,29950,31248.333333333332,29981.666666666668,30287.5,30095.0,29890.0
20181005,0.51,0.85,-1.37,0.85,1925,-70.51,16.78,13.37,0.13,-1,1,1,43031,0,0,0,1,0,29500,29400,28850,29500,31286.666666666668,29998.333333333332,30322.5,30155.0,30060.0
20181004,0.49,0.66,-4.28,-3.78,6527,147.7,9.82,13.37,0.45,1,1,-1,42666,0,0,0,1,0,29250,30550,29100,30600,31317.916666666668,30016.666666666668,30355.0,30265.0,30290.0
20181002,0.16,0.49,-1.63,-0.82,2635,10.53,135.47,13.37,0.18,-1,1,1,44344,0,0,0,1,0,30400,30700,30150,30800,31351.25,30027.5,30395.0,30400.0,30510.0
20181001,0.82,1.31,0.16,0.49,2384,10.73,174.49,13.37,0.16,-1,1,1,44708,0,0,0,1,0,30650,30750,30550,30900,31377.083333333332,30028.333333333332,30370.0,30400.0,30430.0
20180928,0.49,0.49,-0.82,-0.49,2153,-4.73,48.64,13.37,0.15,1,1,-1,44489,0,0,0,1,0,30500,30800,30400,30800,31401.25,30021.666666666668,30337.5,30395.0,30300.0
20180927,0.16,1.48,-0.99,0.99,2260,-50.31,256.29,13.37,0.15,-1,1,1,44708,0,0,0,1,0,30650,30400,30050,30800,31427.916666666668,30023.333333333332,30272.5,30410.0,30250.0
20180921,1.67,1.83,0.0,1.17,4548,121.1,243.31,13.37,0.31,-1,1,-1,44271,0,0,0,1,0,30350,30500,30000,30550,31453.333333333332,30028.333333333332,30197.5,30400.0,30240.0
20180920,-0.83,0.67,-0.83,0.0,2057,-30.22,63.95,13.37,0.14,1,1,1,43760,0,0,0,1,0,30000,29750,29750,30200,31479.583333333332,30035.833333333332,30130.0,30405.0,30290.0
20180919,1.65,1.65,-1.49,-0.83,2948,61.27,67.38,13.37,0.2,-1,1,-1,43760,0,0,0,1,0,30000,30750,29800,30750,31508.75,30055.0,30060.0,30450.0,30370.0
20180918,-1.31,0.16,-1.8,-1.14,1828,-0.6,23.14,13.37,0.13,-1,1,1,44125,0,0,0,1,0,30250,30200,30050,30650,31542.083333333332,30080.0,30007.5,30480.0,30490.0
20180917,0.0,0.98,-1.14,0.0,1839,34.92,169.44,13.37,0.13,1,1,-1,44635,0,0,0,1,0,30600,30600,30250,30900,31575.0,30100.833333333332,29945.0,30490.0,30570.0
20180914,0.82,0.82,-0.16,0.66,1363,-43.65,424.8,13.37,0.09,1,1,1,44635,0,0,0,1,0,30600,30650,30350,30650,31604.166666666668,30112.5,29850.0,30445.0,30560.0
20180913,0.0,0.0,-0.98,-0.65,2419,42.8,33.83,13.37,0.17,1,1,-1,44344,0,0,0,1,0,30400,30600,30300,30600,31641.666666666668,30125.833333333332,29760.0,30390.0,30520.0
20180912,-0.49,0.49,-0.82,-0.16,1694,-55.48,13.92,13.37,0.12,1,1,-1,44635,0,0,0,1,0,30600,30500,30400,30800,31680.833333333332,30144.166666666668,29670.0,30340.0,30530.0
20180911,0.0,0.82,-0.82,0.33,3805,0.18,130.26,13.37,0.26,1,1,-1,44708,0,0,0,1,0,30650,30550,30300,30800,31717.5,30152.5,29590.0,30280.0,30470.0
20180910,0.0,0.99,-0.33,0.49,3798,77.64,145.95,13.37,0.26,1,1,-1,44562,0,0,0,1,0,30550,30400,30300,30700,31756.25,30181.666666666668,29507.5,30135.0,30410.0
20180907,-1.15,0.0,-1.15,-0.16,2138,-28.99,30.69,13.37,0.15,1,1,1,44344,0,0,0,1,0,30400,30100,30100,30450,31798.333333333332,30216.666666666668,29472.5,29995.0,30330.0
20180906,0.0,0.99,-0.17,0.5,3011,-13.25,199.19,13.37,0.21,1,1,1,44417,0,0,0,1,0,30450,30300,30250,30600,31842.916666666668,30241.666666666668,29437.5,29855.0,30260.0
20180905,-0.16,0.49,-0.49,-0.16,3471,90.19,96.02,13.37,0.24,1,1,1,44198,0,0,0,1,0,30300,30300,30200,30500,31887.5,30262.5,29397.5,29670.0,30150.0
20180904,-0.33,0.83,-0.5,0.66,1825,-49.52,297.15,13.37,0.13,1,1,-1,44271,0,0,0,1,0,30350,30050,30000,30400,31933.333333333332,30286.666666666668,29370.0,29535.0,30090.0
20180903,0.5,1.0,-0.33,0.33,3615,431.62,21.56,13.37,0.25,1,1,1,43979,0,0,0,1,0,30150,30200,29950,30350,31977.916666666668,30306.666666666668,29362.5,29400.0,29860.0
20180831,0.0,0.67,0.0,0.5,680,-71.03,223.04,13.37,0.05,1,1,1,43833,0,0,0,1,0,30050,29900,29900,30100,32022.5,30330.0,29342.5,29255.0,29660.0
20180830,0.5,0.67,-1.67,-0.33,2347,-40.25,180.24,13.37,0.16,1,1,1,43614,0,0,0,1,0,29900,30150,29500,30200,32064.583333333332,30357.5,29312.5,29130.0,29450.0
20180829,0.0,2.74,0.0,2.74,3928,189.04,652.1,13.37,0.27,1,1,-1,43760,0,0,0,1,0,30000,29200,29200,30000,32105.416666666668,30387.5,29302.5,29000.0,29190.0
20180828,-0.51,0.51,-0.51,0.17,1359,-31.71,164.74,13.37,0.09,1,1,1,42593,0,0,0,1,0,29200,29000,29000,29300,32147.083333333332,30420.833333333332,29285.0,28900.0,28980.0
20180827,0.34,0.52,-1.55,0.52,1990,-36.81,148.4,13.37,0.14,1,1,-1,42520,0,0,0,1,0,29150,29100,28550,29150,32191.25,30469.166666666668,29290.0,28880.0,28940.0
20180824,0.87,1.4,0.0,1.4,3149,-46.15,107.18,13.37,0.22,1,1,-1,42301,0,0,0,1,0,29000,28850,28600,29000,32241.666666666668,30510.0,29310.0,28950.0,28850.0
20180823,0.86,1.04,-2.59,-1.21,5848,171.62,3.37,13.37,0.4,1,1,-1,41718,0,0,0,1,0,28600,29200,28200,29250,32298.75,30560.833333333332,29345.0,29020.0,28810.0
20180822,0.0,1.21,-1.72,-0.17,2153,58.78,5.89,13.37,0.15,1,-1,1,42228,0,0,0,1,0,28950,29000,28500,29350,32358.75,30613.333333333332,29395.0,29125.0,28810.0
20180821,2.61,2.61,0.17,1.05,1356,279.83,226.17,13.37,0.09,1,1,1,42301,0,0,0,1,0,29000,29450,28750,29450,32417.916666666668,30662.5,29450.0,29205.0,28820.0
20180820,1.91,1.91,-0.69,-0.35,357,4.08,91.28,13.37,0.02,1,1,1,41864,0,0,0,1,0,28700,29350,28600,29350,32478.75,30716.666666666668,29502.5,29325.0,28820.0
20180817,0.35,1.4,0.17,0.7,343,-79.11,22.43,13.37,0.02,1,1,1,42010,0,0,0,1,0,28800,28700,28650,29000,32540.0,30785.0,29620.0,29430.0,29050.0
20180816,-1.03,-0.86,-2.41,-1.38,1642,24.87,33.67,13.37,0.11,1,1,1,41718,0,0,0,1,0,28600,28700,28300,28750,32603.75,30846.666666666668,29732.5,29495.0,29230.0
20180814,1.38,1.72,-0.69,0.0,1315,-55.71,9.67,13.37,0.09,1,1,1,42301,0,0,0,1,0,29000,29400,28800,29500,32662.5,30913.333333333332,29882.5,29605.0,29440.0
20180813,-0.34,0.17,-2.85,-2.85,2969,79.07,69.32,13.37,0.2,1,1,-1,42301,0,0,0,1,0,29000,29750,29000,29900,32717.916666666668,30971.666666666668,30017.5,29670.0,29590.0
20180810,0.0,5.72,0.0,0.51,1658,-13.83,323.37,13.32,0.11,1,1,-1,43541,0,0,0,1,0,29850,29700,29700,31400,32764.166666666668,31030.0,30112.5,29700.0,29830.0
20180809,1.52,1.52,-1.01,0.17,1924,-13.18,193.07,13.32,0.13,1,1,-1,43322,0,0,0,1,0,29700,30100,29350,30100,32808.75,31076.666666666668,30147.5,29670.0,29810.0
20180808,0.67,1.51,-0.67,-0.34,2216,88.44,62.38,13.27,0.15,1,1,-1,43250,0,0,0,1,0,29650,29950,29550,30200,32844.166666666664,31129.166666666668,30195.0,29670.0,29760.0
20180807,0.0,0.0,-1.66,-1.49,1176,16.21,33.99,13.22,0.08,1,1,1,43395,0,0,0,1,0,29750,30200,29700,30200,32888.75,31179.166666666668,30242.5,29665.0,29770.0
20180806,1.18,1.51,-0.34,1.51,1012,-53.49,259.07,13.22,0.07,1,1,-1,44052,0,0,0,1,0,30200,30100,29650,30200,32940.833333333336,31227.5,30287.5,29695.0,29750.0
20180803,1.36,1.36,0.34,1.02,2176,8.37,175.03,13.22,0.15,1,1,1,43395,0,0,0,1,0,29750,29850,29550,29850,32987.916666666664,31261.666666666668,30310.0,29680.0,29570.0
20180802,-0.51,0.34,-1.35,-0.84,2008,26.69,158.54,13.22,0.14,1,1,1,42958,0,0,0,1,0,29450,29550,29300,29800,33046.666666666664,31310.833333333332,30352.5,29810.0,29530.0
20180801,-1.01,1.69,-1.01,0.17,1585,-59.8,142.58,13.22,0.11,1,1,1,43322,0,0,0,1,0,29700,29350,29350,30150,33117.083333333336,31375.0,30375.0,29970.0,29580.0
20180731,1.71,1.71,0.17,1.19,3943,100.36,123.23,13.22,0.27,1,1,-1,43250,0,0,0,1,0,29650,29800,29350,29800,33200.0,31443.333333333332,30412.5,30160.0,29560.0
20180730,0.0,1.02,-1.02,-0.85,1968,55.57,23.72,13.22,0.13,1,-1,1,42739,0,0,0,1,0,29300,29550,29250,29850,33289.166666666664,31503.333333333332,30442.5,30365.0,29640.0
20180727,0.0,0.0,-1.01,-0.51,1265,18.56,55.07,13.22,0.09,1,-1,1,43104,0,0,0,1,0,29550,29700,29400,29700,33384.583333333336,31579.166666666668,30507.5,30525.0,29790.0
20180726,0.17,0.84,-0.34,0.34,1067,-87.57,35.29,13.22,0.07,1,-1,1,43322,0,0,0,1,0,29700,29650,29500,29850,33480.0,31657.5,30577.5,30625.0,30090.0
20180725,0.0,0.0,-3.66,-1.5,8587,76.94,41.84,13.22,0.59,-1,1,-1,43177,0,0,0,1,0,29600,30050,28950,30050,33569.583333333336,31735.0,30632.5,30720.0,30360.0
20180724,0.33,0.33,-1.16,0.0,4853,-33.24,81.05,13.22,0.33,1,-1,1,43833,0,0,0,1,0,30050,30150,29700,30150,33659.583333333336,31806.666666666668,30710.0,30820.0,30760.0
20180723,-0.16,-0.16,-3.86,-3.22,7269,476.45,11.62,13.22,0.5,1,-1,-1,43833,0,0,0,1,0,30050,31000,29850,31000,33746.666666666664,31879.166666666668,30782.5,30880.0,31090.0
20180720,1.77,1.77,-1.45,0.0,1261,-56.43,28.64,13.22,0.09,1,1,1,45292,0,0,0,1,0,31050,31600,30600,31600,33838.75,31952.5,30855.0,30940.0,31260.0
20180719,0.0,0.47,-1.74,-1.74,2894,-27.21,40.61,13.22,0.2,1,1,1,45292,0,0,0,1,0,31050,31600,31050,31750,33916.666666666664,32011.666666666668,30867.5,30895.0,31160.0
20180718,0.16,0.79,-0.47,-0.32,3976,-51.17,248.92,13.22,0.27,-1,1,1,46094,0,0,0,1,0,31600,31750,31550,31950,33995.416666666664,32069.166666666668,30885.0,30780.0,31080.0
20180717,0.0,2.59,-1.29,2.59,8142,124.86,768.64,13.23,0.56,1,1,-1,46240,0,0,0,1,0,31700,30900,30500,31700,34073.333333333336,32119.166666666668,30880.0,30665.0,30880.0
20180716,1.47,2.29,-0.16,1.15,3621,-28.17,55.86,13.23,0.25,1,1,1,45073,0,0,0,1,0,30900,31000,30500,31250,34153.333333333336,32166.666666666668,30850.0,30520.0,30670.0
20180713,0.82,1.79,-0.49,-0.33,5041,507.35,59.01,13.23,0.35,1,1,1,44562,0,0,0,1,0,30550,30900,30500,31200,34239.166666666664,32233.333333333332,30925.0,30490.0,30620.0
20180712,0.82,0.82,-0.65,0.16,830,-56.82,440.94,13.23,0.06,1,1,1,44708,0,0,0,1,0,30650,30850,30400,30850,34332.916666666664,32311.666666666668,31030.0,30530.0,30630.0
20180711,-1.14,0.33,-1.14,-0.16,1922,88.06,68.16,13.23,0.13,1,1,1,44635,0,0,0,1,0,30600,30300,30300,30750,34429.166666666664,32386.666666666668,31092.5,30545.0,30480.0
20180710,1.14,1.14,-0.33,0.0,1022,100.39,21.76,13.23,0.07,1,1,1,44708,0,0,0,1,0,30650,31000,30550,31000,34524.166666666664,32456.666666666668,31147.5,30600.0,30450.0
20180709,0.33,1.8,-0.33,0.16,510,-81.68,187.18,13.23,0.03,-1,1,1,44708,0,0,0,1,0,30650,30700,30500,31150,34624.166666666664,32515.0,31202.5,30685.0,30370.0
20180706,-0.67,2.34,-0.67,2.34,2784,161.65,601.1,13.24,0.19,1,1,1,44635,0,0,0,1,0,30600,29700,29700,30600,34730.416666666664,32575.0,31247.5,30770.0,30360.0
20180705,1.31,1.31,-2.13,-1.81,1064,-32.06,4.88,13.24,0.07,1,1,1,43614,0,0,0,1,0,29900,30850,29800,30850,34844.583333333336,32619.166666666668,31295.0,30840.0,30430.0
20180704,2.15,2.15,-0.5,0.66,1566,-10.1,59.46,13.24,0.11,-1,1,1,44417,0,0,0,1,0,30450,30900,30100,30900,34964.166666666664,32675.0,31385.0,30990.0,30610.0
20180703,-0.65,0.0,-2.94,-1.14,1742,-37.76,29.38,13.24,0.12,1,1,-1,44125,0,0,0,1,0,30250,30400,29700,30600,35091.25,32725.833333333332,31447.5,31095.0,30750.0
20180702,0.16,1.13,-1.62,-1.13,2799,7.16,81.58,13.22,0.19,1,1,1,44635,0,0,0,1,0,30600,31000,30450,31300,0.0,32780.833333333336,31535.0,31180.0,31000.0
20180629,-0.16,1.46,-1.62,0.49,2612,78.05,17.43,13.22,0.18,1,1,1,45146,0,0,0,1,0,30950,30750,30300,31250,0.0,32832.5,31610.0,31360.0,31180.0
20180628,-0.48,0.64,-2.09,-1.12,1467,-54.03,40.3,13.22,0.1,1,1,1,44927,0,0,0,1,0,30800,31000,30500,31350,0.0,32878.333333333336,31642.5,31530.0,31250.0
20180627,-0.32,0.16,-1.59,-1.11,3191,-19.44,43.28,13.22,0.22,1,-1,1,45438,0,0,0,1,0,31150,31400,31000,31550,0.0,32923.333333333336,31705.0,31640.0,31370.0
20180626,-0.63,0.16,-1.59,0.0,3961,640.37,280.34,13.22,0.27,1,1,-1,45948,0,0,0,1,0,31500,31300,31000,31550,0.0,32962.5,31735.0,31695.0,31440.0
20180625,0.96,0.96,-0.48,0.64,535,-82.25,667.74,13.22,0.04,1,1,1,45948,0,0,0,1,0,31500,31600,31150,31600,0.0,33004.166666666664,31755.0,31720.0,31360.0
20180622,0.0,0.0,-1.91,-0.32,3014,19.32,26.74,13.22,0.21,-1,1,1,45656,0,0,0,1,0,31300,31400,30800,31400,0.0,33049.166666666664,31792.5,31725.0,31540.0
20180621,-0.48,0.63,-0.48,-0.32,2526,-59.13,67.06,13.15,0.17,-1,1,1,45802,0,0,0,1,0,31400,31350,31350,31700,0.0,33095.833333333336,31867.5,31750.0,31810.0
20180620,0.0,1.77,-0.8,1.29,6181,-70.02,130.57,13.17,0.42,1,1,-1,45948,0,0,0,1,0,31500,31100,30850,31650,0.0,33157.5,31922.5,31780.0,31910.0
20180619,1.23,1.23,-6.94,-4.01,20615,50.51,58.11,13.15,1.41,1,1,-1,45365,0,0,0,1,0,31100,32800,30150,32800,0.0,33217.5,31977.5,31800.0,31950.0
20180618,1.53,1.99,-1.38,-0.77,13697,-13.58,46.47,13.14,0.94,-1,1,1,47261,0,0,0,1,0,32400,33150,32200,33300,0.0,33282.5,32047.5,31890.0,32080.0
20180615,0.0,3.45,-1.57,2.35,15850,309.88,161.4,13.15,1.09,1,1,-1,47626,0,0,0,1,0,32650,31900,31400,33000,0.0,33330.833333333336,32052.5,31860.0,31910.0
20180614,0.0,1.42,0.0,0.63,3867,-34.91,408.31,13.14,0.27,1,1,1,46532,0,0,0,1,0,31900,31700,31700,32150,0.0,33380.0,32052.5,31755.0,31690.0
20180612,0.0,0.63,-0.79,-0.16,5941,197.65,89.25,13.14,0.41,-1,1,1,46240,0,0,0,1,0,31700,31750,31500,31950,0.0,33444.166666666664,32100.0,31770.0,31650.0
20180611,0.16,0.95,0.16,0.63,1996,-68.17,247.28,13.15,0.14,1,1,1,46313,0,0,0,1,0,31750,31600,31600,31850,0.0,33512.5,32147.5,31775.0,31650.0
20180608,0.48,1.43,-0.16,0.0,6271,-19.93,60.96,13.15,0.43,-1,1,-1,46021,0,0,0,1,0,31550,31700,31500,32000,0.0,33580.0,32192.5,31790.0,31700.0
20180607,0.16,0.32,-1.42,-0.47,7832,29.99,20.95,13.21,0.54,1,1,1,46021,0,0,0,1,0,31550,31750,31250,31800,0.0,33649.166666666664,32227.5,31860.0,31810.0
20180605,0.0,0.95,-0.79,0.0,6025,242.14,92.6,13.21,0.41,1,1,-1,46240,0,0,0,1,0,31700,31700,31450,32000,0.0,33715.0,32285.0,31985.0,31820.0
20180604,1.25,1.25,-2.5,-0.94,1761,-63.36,35.2,13.21,0.12,1,1,-1,46240,0,0,0,1,0,31700,32400,31200,32400,0.0,33771.666666666664,32365.0,32065.0,31890.0
20180601,0.0,0.93,-1.87,-0.31,4806,-34.34,57.86,13.21,0.33,1,1,-1,46677,0,0,0,1,0,32000,32100,31500,32400,0.0,33823.333333333336,32470.0,32155.0,31900.0
20180531,-0.63,2.06,-0.63,1.58,7320,49.27,184.78,13.17,0.5,1,1,-1,46823,0,0,0,1,0,32100,31400,31400,32250,0.0,33873.333333333336,32532.5,32205.0,31880.0
20180530,-0.47,-0.47,-2.34,-1.4,4904,-44.18,31.94,13.16,0.34,1,1,-1,46094,0,0,0,1,0,31600,31900,31300,31900,0.0,33913.333333333336,32620.0,32245.0,31910.0
20180529,0.63,2.36,-1.42,0.94,8785,-36.64,142.3,13.14,0.6,1,1,-1,46750,0,0,0,1,0,32050,31950,31300,32500,0.0,33973.333333333336,32752.5,32350.0,32150.0
20180528,0.0,0.31,-3.29,-0.47,13866,2.13,58.21,13.14,0.95,1,-1,-1,46313,0,0,0,1,0,31750,31900,30850,32000,0.0,34036.666666666664,32867.5,32430.0,32240.0
20180525,-0.62,0.78,-3.41,-1.09,13577,129.38,22.67,13.14,0.93,-1,1,1,46532,0,0,0,1,0,31900,32050,31150,32500,0.0,34104.166666666664,32975.0,32520.0,32410.0
20180524,0.0,0.76,-1.68,-1.68,5919,-63.46,89.14,13.16,0.41,-1,1,-1,47042,0,0,0,1,0,32250,32800,32250,33050,0.0,34173.333333333336,33100.0,32595.0,32530.0
20180523,0.31,2.15,0.31,0.92,16200,229.07,130.68,13.16,1.11,-1,-1,1,47844,0,0,0,1,0,32800,32600,32600,33200,0.0,34240.833333333336,33210.0,32595.0,32580.0
20180521,-0.61,-0.31,-1.38,-0.31,4923,-54.79,73.95,13.2,0.34,1,-1,1,47407,0,0,0,1,0,32500,32400,32150,32500,0.0,34295.0,33300.0,32585.0,32550.0
20180518,-0.77,1.54,-1.38,0.31,10888,85.14,29.2,13.2,0.75,-1,1,1,47553,0,0,0,1,0,32600,32250,32050,33000,0.0,34360.833333333336,33400.0,32665.0,32620.0
20180517,0.77,0.77,-0.77,0.0,5881,74.82,16.81,13.2,0.4,1,1,-1,47407,0,0,0,1,0,32500,32750,32250,32750,0.0,34411.666666666664,33500.0,32785.0,32630.0
20180516,-0.15,0.46,-1.38,-0.46,3364,-48.93,48.16,13.2,0.23,1,1,-1,47407,0,0,0,1,0,32500,32600,32200,32800,0.0,34464.166666666664,33602.5,32860.0,32660.0
20180515,0.0,0.46,-1.07,-0.61,6587,11.3,25.92,13.19,0.45,-1,1,1,47626,0,0,0,1,0,32650,32850,32500,33000,0.0,34498.333333333336,33722.5,32995.0,32610.0
20180514,0.0,0.77,-0.15,0.61,5918,25.17,54.88,13.22,0.41,1,1,-1,47917,0,0,0,1,0,32850,32650,32600,32900,0.0,34540.833333333336,33852.5,33155.0,32620.0
20180511,0.92,0.92,-0.77,0.0,4728,-34.55,84.2,13.21,0.32,-1,1,1,47626,0,0,0,1,0,32650,32950,32400,32950,0.0,34559.166666666664,33967.5,33305.0,32710.0
20180510,2.17,2.17,0.0,1.24,7224,-57.64,98.0,13.21,0.5,-1,1,1,47626,0,0,0,1,0,32650,32950,32250,32950,0.0,34598.333333333336,34075.0,33430.0,32940.0
20180509,-1.99,0.15,-1.99,-1.38,17053,-19.72,74.0,13.26,1.17,1,1,-1,47042,0,0,0,1,0,32250,32050,32050,32750,0.0,34654.166666666664,34150.0,33605.0,33060.0
20180508,0.0,1.05,-2.1,-1.8,21242,279.19,7.99,13.14,1.46,-1,-1,1,47699,0,0,0,1,0,32700,33300,32600,33650,0.0,34714.166666666664,34250.0,33825.0,33380.0
20180504,0.0,0.0,-2.37,-1.48,5602,10.28,12.64,13.14,0.38,1,-1,1,48574,0,0,0,1,0,33300,33800,33000,33800,0.0,34782.5,34277.5,34015.0,33690.0
20180503,1.35,2.11,0.6,1.65,5080,-23.54,89.92,13.13,0.35,1,1,-1,49303,0,0,0,1,0,33800,33700,33450,33950,0.0,34859.166666666664,34275.0,34135.0,33900.0
20180502,0.74,0.74,-1.77,-1.77,6644,43.31,19.29,13.12,0.46,1,1,-1,48501,0,0,0,1,0,33250,34100,33250,34100,0.0,34956.666666666664,34260.0,34215.0,33920.0
20180430,0.0,0.73,-1.46,-1.17,4636,289.25,7.66,13.11,0.32,-1,1,1,49376,0,0,0,1,0,33850,34250,33750,34500,0.0,35075.0,34275.0,34345.0,34150.0
20180427,0.29,0.44,-1.02,-0.29,1191,-35.17,7.85,13.11,0.08,1,1,-1,49959,0,0,0,1,0,34250,34450,34000,34500,0.0,35190.0,34267.5,34450.0,34270.0
20180426,0.0,1.33,-0.29,1.33,1837,-76.94,201.45,13.11,0.13,1,1,-1,50105,0,0,0,1,0,34350,33900,33800,34350,0.0,35302.5,34240.0,34550.0,34340.0
20180425,-0.15,-0.15,-1.45,-1.45,7965,-7.65,16.04,13.11,0.55,1,1,1,49449,0,0,0,1,0,33900,34350,33900,34350,0.0,35404.166666666664,34197.5,34630.0,34370.0
20180424,0.15,1.31,-1.02,-0.15,8625,150.15,15.59,13.11,0.59,-1,-1,1,50178,0,0,0,1,0,34400,34500,34100,34900,0.0,35512.5,34177.5,34720.0,34510.0
20180423,0.0,0.14,-0.87,-0.43,3448,0.26,38.06,13.12,0.24,-1,1,1,50251,0,0,0,1,0,34450,34600,34300,34650,0.0,35614.166666666664,34157.5,34695.0,34540.0
20180420,0.58,1.01,-0.72,0.29,3439,-54.15,66.76,13.14,0.24,1,-1,1,50470,0,0,0,1,0,34600,34700,34250,34850,0.0,35725.0,34145.0,34675.0,34630.0
20180419,0.0,0.0,-0.87,-0.29,7501,13.33,180.62,13.11,0.51,1,-1,1,50324,0,0,0,1,0,34500,34600,34300,34600,0.0,35821.666666666664,34120.0,34540.0,34760.0
20180418,-0.43,0.72,-0.87,0.14,6619,47.29,23.81,13.11,0.45,-1,1,1,50470,0,0,0,1,0,34600,34400,34250,34800,0.0,35921.666666666664,34150.0,34415.0,34890.0
20180417,0.0,0.0,-1.86,-1.0,4494,-7.47,20.11,13.11,0.31,-1,1,1,50397,0,0,0,1,0,34550,34900,34250,34900,0.0,36027.5,34175.0,34305.0,34930.0
20180416,0.0,0.0,-2.55,-0.99,4857,0.62,59.4,13.11,0.33,1,1,-1,50908,0,0,0,1,0,34900,35250,34350,35250,0.0,36140.0,34197.5,34205.0,34850.0
20180413,-0.43,0.43,-1.14,0.28,4827,-56.54,28.12,13.09,0.33,-1,-1,1,51418,0,0,0,1,0,35250,35000,34750,35300,0.0,36245.0,34217.5,34085.0,34720.0
20180412,0.0,2.3,-1.01,1.01,11108,19.39,156.48,13.1,0.76,-1,-1,1,51272,0,0,0,1,0,35150,34800,34450,35600,0.0,36354.166666666664,34235.0,33930.0,34320.0
20180411,0.0,1.9,-0.44,1.9,9304,86.57,122.17,13.13,0.64,1,1,-1,50762,0,0,0,1,0,34800,34150,34000,34800,0.0,36471.666666666664,34265.0,33765.0,33940.0
20180410,-0.44,0.58,-1.61,-0.29,4987,-21.28,30.57,13.11,0.34,-1,1,1,49814,0,0,0,1,0,34150,34100,33700,34450,0.0,36591.666666666664,34315.0,33635.0,33680.0
20180409,0.0,3.31,-0.45,3.01,6335,180.93,332.99,13.13,0.43,1,1,-1,49959,0,0,0,1,0,34250,33250,33100,34350,0.0,36733.333333333336,34397.5,33620.0,33560.0
20180406,-0.45,0.0,-1.05,0.0,2255,-48.02,88.05,13.1,0.15,1,1,-1,48501,0,0,0,1,0,33250,33100,32900,33250,0.0,36885.833333333336,34470.0,33615.0,33450.0
20180405,0.0,0.0,-1.49,-0.75,4338,50.47,4.53,13.1,0.3,1,1,1,48501,0,0,0,1,0,33250,33500,33000,33500,0.0,37070.0,34582.5,33700.0,33540.0
20180404,0.0,0.0,-1.04,-0.15,2883,2.27,13.01,13.1,0.2,-1,1,1,48865,0,0,0,1,0,33500,33550,33200,33550,0.0,37253.333333333336,34675.0,33885.0,33590.0
20180403,-0.89,-0.3,-1.19,-0.45,2819,15.96,88.0,13.13,0.19,1,1,1,48938,0,0,0,1,0,33550,33400,33300,33600,0.0,37456.666666666664,34740.0,34045.0,33590.0
20180402,0.59,0.59,-1.93,0.0,2431,6.06,60.15,13.13,0.17,1,1,-1,49157,0,0,0,1,0,33700,33900,33050,33900,0.0,0.0,34812.5,34190.0,33680.0
20180330,0.3,0.6,-0.45,0.6,2292,-42.28,120.73,13.13,0.16,1,1,-1,49157,0,0,0,1,0,33700,33600,33350,33700,0.0,0.0,34852.5,34350.0,33780.0
20180329,-0.15,0.45,-1.19,0.0,3971,-38.79,14.61,13.12,0.27,1,1,-1,48865,0,0,0,1,0,33500,33450,33100,33650,0.0,0.0,34927.5,34540.0,33860.0
20180328,-0.59,-0.15,-2.06,-1.47,6488,-13.39,13.98,13.12,0.44,1,1,-1,48865,0,0,0,1,0,33500,33800,33300,33950,0.0,0.0,35045.0,34765.0,34180.0
20180327,0.0,0.73,-1.46,-0.58,7491,1.02,57.49,13.12,0.51,-1,-1,1,49595,0,0,0,1,0,34000,34200,33700,34450,0.0,0.0,35160.0,34995.0,34500.0
20180326,-0.29,0.44,-2.05,0.29,7415,17.77,174.22,13.13,0.51,1,1,-1,49887,0,0,0,1,0,34200,34000,33400,34250,0.0,0.0,35262.5,35175.0,34700.0
20180323,-0.71,-0.71,-2.85,-2.85,6296,-2.11,16.6,13.01,0.43,1,1,-1,49741,0,0,0,1,0,34100,34850,34100,34850,0.0,0.0,35367.5,35325.0,34920.0
20180322,0.0,0.85,-0.28,0.0,6432,39.07,55.95,12.94,0.44,1,-1,1,51199,0,0,0,1,0,35100,35100,35000,35400,0.0,0.0,35465.0,35465.0,35220.0
20180321,1.0,1.0,-0.71,0.29,4625,-7.31,37.0,12.89,0.32,-1,1,1,51199,0,0,0,1,0,35100,35350,34750,35350,0.0,0.0,35532.5,35465.0,35350.0
20180320,-0.57,-0.28,-1.98,-0.85,4990,-42.04,22.13,12.9,0.34,1,1,-1,51053,0,0,0,1,0,35000,35100,34600,35200,0.0,0.0,35560.0,35435.0,35490.0
20180319,0.0,0.0,-1.26,-0.84,8609,22.5,10.29,12.89,0.59,-1,-1,1,51491,0,0,0,1,0,35300,35600,35150,35600,0.0,0.0,35592.5,35435.0,35650.0
20180316,0.14,0.28,-1.68,-0.42,7028,66.62,94.33,12.83,0.48,1,1,1,51929,0,0,0,1,0,35600,35800,35150,35850,0.0,0.0,35555.0,35355.0,35730.0
20180315,0.28,0.42,-0.84,-0.14,4218,-47.92,176.38,12.82,0.29,1,1,-1,52147,0,0,0,1,0,35750,35900,35500,35950,0.0,0.0,35535.0,35315.0,35710.0
20180314,0.42,0.42,-1.12,0.0,8099,80.26,80.87,12.79,0.56,-1,-1,1,52220,0,0,0,1,0,35800,35950,35400,35950,0.0,0.0,35445.0,35325.0,35580.0
20180313,0.98,1.12,-0.14,0.28,4493,-12.06,24.42,12.82,0.31,-1,1,1,52220,0,0,0,1,0,35800,36050,35650,36100,0.0,0.0,35405.0,35325.0,35380.0
20180312,-0.28,0.7,-0.28,0.56,5109,79.64,86.76,12.83,0.35,1,1,-1,52075,0,0,0,1,0,35700,35400,35400,35750,0.0,0.0,35415.0,35350.0,35220.0
20180309,0.14,1.28,0.0,1.14,2844,-23.61,119.65,12.8,0.19,-1,1,1,51783,0,0,0,1,0,35500,35150,35100,35550,0.0,0.0,35422.5,35410.0,34980.0
20180308,0.57,1.87,-0.72,0.86,3723,-29.1,279.47,12.81,0.26,1,1,-1,51199,0,0,0,1,0,35100,35000,34550,35450,0.0,0.0,35487.5,35465.0,34920.0
20180307,0.29,1.0,-1.14,-0.57,5251,53.22,37.09,12.78,0.36,-1,-1,1,50762,0,0,0,1,0,34800,35100,34600,35350,0.0,0.0,35627.5,35600.0,35070.0
20180306,0.0,1.45,-0.29,1.45,3427,-37.5,89.18,12.79,0.23,-1,1,1,51053,0,0,0,1,0,35000,34500,34400,35000,0.0,0.0,35870.0,35685.0,35270.0
20180305,1.56,1.56,-2.56,-1.99,5483,-5.45,26.81,12.81,0.38,-1,1,1,50324,0,0,0,1,0,34500,35750,34300,35750,0.0,0.0,36137.5,35750.0,35480.0
20180302,-1.39,-0.7,-2.51,-1.81,5799,-11.76,16.15,12.83,0.4,-1,1,1,51345,0,0,0,1,0,35200,35350,34950,35600,0.0,0.0,36450.0,35755.0,35840.0
20180228,0.28,1.12,-0.84,0.14,6572,42.31,48.21,12.83,0.45,-1,-1,1,52293,0,0,0,1,0,35850,35900,35500,36200,0.0,0.0,36740.0,35755.0,36010.0
20180227,-0.14,1.11,-1.25,-0.69,4618,-56.47,14.01,12.85,0.32,-1,-1,1,52220,0,0,0,1,0,35800,36000,35600,36450,0.0,0.0,36970.0,35565.0,36130.0
20180226,0.83,0.83,-1.65,-0.69,10608,14.27,57.5,12.88,0.73,-1,1,1,52585,0,0,0,1,0,36050,36600,35700,36600,0.0,0.0,37200.0,35485.0,36100.0
20180223,0.97,0.97,-0.42,0.69,9283,-38.31,82.92,12.89,0.64,-1,1,1,52950,0,0,0,1,0,36300,36400,35900,36400,0.0,0.0,37422.5,35480.0,36020.0
20180222,-0.27,0.14,-2.33,-1.1,15048,14.98,24.54,12.93,1.03,-1,-1,1,52585,0,0,0,1,0,36050,36350,35600,36500,0.0,0.0,37662.5,35435.0,35670.0
20180221,0.0,2.52,-0.14,2.24,13088,-24.31,92.4,12.96,0.9,-1,-1,1,53169,0,0,0,1,0,36450,35650,35600,36550,0.0,0.0,37880.0,35510.0,35500.0
20180220,0.14,1.82,-0.84,0.0,17291,-20.66,66.32,13.0,1.19,-1,-1,1,52002,0,0,0,1,0,35650,35700,35350,36300,0.0,0.0,38082.5,35655.0,35000.0
20180219,1.59,4.05,1.59,3.18,21793,-24.82,69.54,13.03,1.49,-1,-1,1,52002,0,0,0,1,0,35650,35100,35100,35950,0.0,0.0,38347.5,36055.0,34870.0
20180214,0.43,0.57,-3.55,-1.85,28989,-75.26,34.85,13.06,1.99,-1,-1,1,50397,0,0,0,1,0,34550,35350,33950,35400,0.0,0.0,38630.0,36525.0,34940.0
20180213,14.73,15.17,3.39,3.68,117172,136.01,51.09,13.08,8.03,-1,-1,1,51345,0,0,0,1,0,35200,38950,35100,39100,0.0,0.0,38962.5,37145.0,35200.0
20180212,0.0,0.0,-4.14,-3.0,49647,127.5,57.37,13.43,3.4,1,1,-1,49522,0,0,0,1,0,33950,35000,33550,35000,0.0,0.0,39292.5,37725.0,35520.0
20180209,-2.5,-0.56,-3.19,-2.78,21823,57.14,113.07,13.29,1.5,-1,-1,1,51053,0,0,0,1,0,35000,35100,34850,35800,0.0,0.0,39705.0,38375.0,36310.0
20180208,-1.81,0.56,-1.81,0.42,13888,19.89,24.22,13.35,0.95,1,-1,1,52512,0,0,0,1,0,36000,35200,35200,36050,0.0,0.0,40055.0,38915.0,37240.0
20180207,0.95,1.09,-2.58,-2.58,11584,-61.28,33.89,13.33,0.79,-1,-1,1,52293,0,0,0,1,0,35850,37150,35850,37200,0.0,0.0,40387.5,39365.0,38110.0
20180206,-5.67,-2.51,-6.99,-2.9,29916,40.93,74.41,13.39,2.05,1,1,-1,53679,0,0,0,1,0,36800,35750,35250,36950,0.0,0.0,40765.0,39890.0,39090.0
20180205,-2.02,-1.64,-5.3,-4.41,21227,52.0,22.27,13.37,1.46,-1,-1,1,55284,0,0,0,1,0,37900,38850,37550,39000,0.0,0.0,41140.0,40250.0,39930.0
20180202,0.0,0.0,-1.98,-1.73,13965,11.76,12.36,13.39,0.96,-1,1,1,57836,0,0,0,1,0,39650,40350,39550,40350,0.0,0.0,41457.5,40510.0,40440.0
20180201,0.0,0.0,-1.47,-0.98,12496,-14.7,17.71,13.55,0.86,-1,-1,1,58857,0,0,0,1,0,40350,40750,40150,40750,0.0,0.0,41760.0,40640.0,40590.0
20180131,-0.73,0.12,-1.46,-0.61,14649,-50.12,15.13,13.57,1.0,-1,-1,1,59441,0,0,0,1,0,40750,40700,40400,41050,0.0,0.0,0.0,40735.0,40620.0
20180130,0.0,1.85,-0.49,1.36,29371,140.67,32.29,13.62,2.01,-1,-1,1,59805,0,0,0,1,0,41000,40450,40250,41200,0.0,0.0,0.0,40780.0,40690.0
20180129,0.99,0.99,-0.5,0.12,12204,-9.57,39.83,13.62,0.84,-1,-1,1,59003,0,0,0,1,0,40450,40800,40200,40800,0.0,0.0,0.0,40860.0,40570.0
20180126,0.0,0.62,-0.74,-0.25,13496,-24.56,19.9,13.71,0.93,-1,1,1,58930,0,0,0,1,0,40400,40500,40200,40750,0.0,0.0,0.0,41035.0,40580.0
20180125,-0.61,-0.12,-2.19,-1.46,17889,102.11,19.04,13.74,1.23,-1,1,1,59076,0,0,0,1,0,40500,40850,40200,41050,0.0,0.0,0.0,41195.0,40690.0
20180124,0.12,2.48,-0.12,1.73,8851,-24.43,104.09,13.76,0.61,-1,1,-1,59951,0,0,0,1,0,41100,40450,40350,41400,0.0,0.0,0.0,41410.0,40850.0
20180123,-0.25,0.62,-0.99,-0.25,11712,-38.21,38.16,13.78,0.8,-1,1,1,58930,0,0,0,1,0,40400,40400,40100,40750,0.0,0.0,0.0,41640.0,40870.0
20180122,0.0,0.0,-2.32,-1.1,18956,44.93,12.2,14.84,1.3,-1,1,1,59076,0,0,0,1,0,40500,40950,40000,40950,0.0,0.0,0.0,42030.0,41150.0
20180119,-0.12,1.09,-0.85,-0.85,13079,45.65,30.96,14.91,0.9,-1,1,1,59733,0,0,0,1,0,40950,41250,40950,41750,0.0,0.0,0.0,42405.0,41490.0
20180118,1.46,1.82,-0.49,0.24,8980,-54.84,9.22,14.92,0.62,-1,1,1,60243,0,0,0,1,0,41300,41800,41000,41950,0.0,0.0,0.0,42880.0,41700.0
20180117,0.36,1.2,-2.15,-1.44,19885,12.18,15.07,14.94,1.36,1,1,-1,60097,0,0,0,1,0,41200,41950,40900,42300,0.0,0.0,0.0,0.0,41970.0
20180116,-0.12,0.12,-1.78,-0.95,17726,-59.51,15.62,14.8,1.22,1,1,-1,60972,0,0,0,1,0,41800,42150,41450,42250,0.0,0.0,0.0,0.0,42410.0
20180115,1.31,3.81,-0.95,0.48,43778,-33.21,60.93,14.78,3.0,-1,-1,1,61556,0,0,0,1,0,42200,42550,41600,43600,0.0,0.0,0.0,0.0,42910.0
20180112,0.82,0.82,-4.69,-1.52,65543,107.21,58.22,15.47,4.49,-1,1,-1,61264,0,0,0,1,0,42000,43000,40650,43000,0.0,0.0,0.0,0.0,43320.0
20180111,0.0,1.84,-1.96,-1.73,31631,-51.77,25.22,15.52,2.17,-1,1,1,62212,0,0,0,1,0,42650,43400,42550,44200,0.0,0.0,0.0,0.0,44060.0
20180110,1.13,2.26,-2.03,-2.03,65578,-53.52,28.05,15.65,4.5,-1,-1,1,63306,0,0,0,1,0,43400,44800,43400,45300,0.0,0.0,0.0,0.0,0.0
20180109,0.11,7.01,-0.34,0.11,141100,41.08,74.45,15.82,9.67,1,-1,1,64619,0,0,0,1,0,44300,44300,44100,47350,0.0,0.0,0.0,0.0,0.0
20180108,1.31,1.97,-5.58,-3.17,100013,-78.56,40.4,15.35,6.86,1,-1,-1,64546,0,0,0,1,0,44250,46300,43150,46600,0.0,0.0,0.0,0.0,0.0
20180105,0.0,0.0,-28.77,-19.82,466413,0.0,86.75,14.63,31.98,1,-1,1,66661,0,0,0,1,0,45700,57000,40600,57000,0.0,0.0,0.0,0.0,0.0
